nome;pagina;arquivo_pagina;link;tipo;status;contexto;imagem_capa
Lição 2º semestre 2022 Semana de Oração Reavivamento (Semana De oração);/;paginas/pagina-inicial.md;https://drive.google.com/file/d/1EsI1QIeIm-uVa6Ok-XTNByDajDQi1Xbx/view?usp=sharing;Google Drive;PENDENTE;Literaturas Lição 2º semestre 2022 Semana de Oração Reavivamento;https://93cc827c59.cbaul-cdnwnd.com/416a9d9672d9dee926807c75b094dafb/200001139-f263cf263f/Semana%20De%20ora%C3%A7%C3%A3o.jpg
Lição 2º semestre 2022 Semana de Oração Reavivamento (semana mulher);/;paginas/pagina-inicial.md;https://drive.google.com/open?id=1y3vfC9Cl410w0i-m83t-na4x5Di7vEG2;Google Drive;PENDENTE;Literaturas Lição 2º semestre 2022 Semana de Oração Reavivamento;https://93cc827c59.cbaul-cdnwnd.com/416a9d9672d9dee926807c75b094dafb/200000633-0e91a0e91c/semana%20mulher.PNG
Livro nos Passos de livro fé dos Jesus Martirés (Capa final pequena - Passos de Jesus_1);/;paginas/pagina-inicial.md;https://drive.google.com/open?id=1m9opdrHe-TUspyZqBWyZ_M5sbgB-YQ1d;Google Drive;PENDENTE;Livro divórcio e novo casamento Livro nos Passos de livro fé dos Jesus Martirés;https://93cc827c59.cbaul-cdnwnd.com/416a9d9672d9dee926807c75b094dafb/200000630-392f5392f7/Capa%20final%20pequena%20-%20Passos%20de%20Jesus_1.jpg
Livro nos Passos de livro fé dos Jesus Martirés (fe do dos);/;paginas/pagina-inicial.md;https://drive.google.com/open?id=0B2sWogup0xGMenZ3bWRKMDlKUnM;Google Drive;PENDENTE;Livro divórcio e novo casamento Livro nos Passos de livro fé dos Jesus Martirés;https://93cc827c59.cbaul-cdnwnd.com/416a9d9672d9dee926807c75b094dafb/200000137-d433cd627c/fe%20do%20dos.PNG
livro Vereda Fendida (vereda);/;paginas/pagina-inicial.md;https://drive.google.com/open?id=1ipAwzdX4v7v1SMYYkPwjtYLLfGRhaB3H;Google Drive;PENDENTE;casamento Livro nos Passos de livro fé dos Jesus Martirés livro Vereda Fendida;https://93cc827c59.cbaul-cdnwnd.com/416a9d9672d9dee926807c75b094dafb/200000139-d7405d83a3/vereda.PNG
Transmissões ao vivo todos os Sábados às 9:30 (multiu);/;paginas/pagina-inicial.md;https://www.youtube.com/c/SMIdia;YouTube;PENDENTE;Martirés livro Vereda Fendida Transmissões ao vivo todos os Sábados às 9:30;https://93cc827c59.cbaul-cdnwnd.com/416a9d9672d9dee926807c75b094dafb/200000659-392593925b/multiu.png
Captura de tela 2022-07-05 095748 (1);/;paginas/pagina-inicial.md;https://93cc827c59.cbaul-cdnwnd.com/416a9d9672d9dee926807c75b094dafb/200001152-5d5305d533/Captura%20de%20tela%202022-07-05%20095748%20%281%29.png;imagem;PENDENTE;Literaturas Lição 2º semestre 2022 Semana de Oração Reavivamento;
Semana De oração;/;paginas/pagina-inicial.md;https://93cc827c59.cbaul-cdnwnd.com/416a9d9672d9dee926807c75b094dafb/200001139-f263cf263f/Semana%20De%20ora%C3%A7%C3%A3o.jpg;imagem;PENDENTE;Literaturas Lição 2º semestre 2022 Semana de Oração Reavivamento;
semana mulher;/;paginas/pagina-inicial.md;https://93cc827c59.cbaul-cdnwnd.com/416a9d9672d9dee926807c75b094dafb/200000633-0e91a0e91c/semana%20mulher.PNG;imagem;PENDENTE;Literaturas Lição 2º semestre 2022 Semana de Oração Reavivamento;
Captura de tela 2022-07-05 101103;/;paginas/pagina-inicial.md;https://93cc827c59.cbaul-cdnwnd.com/416a9d9672d9dee926807c75b094dafb/200001153-0325003253/Captura%20de%20tela%202022-07-05%20101103.png;imagem;PENDENTE;Semana de Oração Reavivamento Livros diversos Livro divórcio e novo casamento;
Capa final pequena - Passos de Jesus_1;/;paginas/pagina-inicial.md;https://93cc827c59.cbaul-cdnwnd.com/416a9d9672d9dee926807c75b094dafb/200000630-392f5392f7/Capa%20final%20pequena%20-%20Passos%20de%20Jesus_1.jpg;imagem;PENDENTE;Livro divórcio e novo casamento Livro nos Passos de livro fé dos Jesus Martirés;
fe do dos;/;paginas/pagina-inicial.md;https://93cc827c59.cbaul-cdnwnd.com/416a9d9672d9dee926807c75b094dafb/200000137-d433cd627c/fe%20do%20dos.PNG;imagem;PENDENTE;Livro divórcio e novo casamento Livro nos Passos de livro fé dos Jesus Martirés;
vereda;/;paginas/pagina-inicial.md;https://93cc827c59.cbaul-cdnwnd.com/416a9d9672d9dee926807c75b094dafb/200000139-d7405d83a3/vereda.PNG;imagem;PENDENTE;casamento Livro nos Passos de livro fé dos Jesus Martirés livro Vereda Fendida;
multiu;/;paginas/pagina-inicial.md;https://93cc827c59.cbaul-cdnwnd.com/416a9d9672d9dee926807c75b094dafb/200000659-392593925b/multiu.png;imagem;PENDENTE;Martirés livro Vereda Fendida Transmissões ao vivo todos os Sábados às 9:30;
5ccb6e5c8c804-lg;/;paginas/pagina-inicial.md;https://93cc827c59.cbaul-cdnwnd.com/416a9d9672d9dee926807c75b094dafb/200000657-5fd345fd35/5ccb6e5c8c804-lg.png;imagem;PENDENTE;ao vivo todos os Sábados às 9:30 Departamentos Bom Samaritano Jovens;
seminariosesc;/;paginas/pagina-inicial.md;https://93cc827c59.cbaul-cdnwnd.com/416a9d9672d9dee926807c75b094dafb/system_preview_200000658-8e5bf8e5c1/seminariosesc.jpg;imagem;PENDENTE;ao vivo todos os Sábados às 9:30 Departamentos Bom Samaritano Jovens;
FAMILIA;/;paginas/pagina-inicial.md;https://93cc827c59.cbaul-cdnwnd.com/416a9d9672d9dee926807c75b094dafb/200000661-4fba24fba3/FAMILIA.jpg;imagem;PENDENTE;todos os Sábados às 9:30 Departamentos Bom Samaritano Jovens Familia Secretaria;
secretaria;/;paginas/pagina-inicial.md;https://93cc827c59.cbaul-cdnwnd.com/416a9d9672d9dee926807c75b094dafb/200000662-538df538e0/secretaria.jpg;imagem;PENDENTE;todos os Sábados às 9:30 Departamentos Bom Samaritano Jovens Familia Secretaria;
saude;/;paginas/pagina-inicial.md;https://93cc827c59.cbaul-cdnwnd.com/416a9d9672d9dee926807c75b094dafb/system_preview_small_200000663-129ee129ef/saude.jpg;imagem;PENDENTE;Departamentos Bom Samaritano Jovens Familia Secretaria Saúde Escola Sabatina;
Palavra da Verdade;/;paginas/pagina-inicial.md;https://93cc827c59.cbaul-cdnwnd.com/416a9d9672d9dee926807c75b094dafb/200000547-0fa5d1199b/Palavra%20da%20Verdade.jpg;imagem;PENDENTE;Departamentos Bom Samaritano Jovens Familia Secretaria Saúde Escola Sabatina;
Julho - Dezembro 2ª semestre 2022 (Captura de tela 2022-07-05 095748 (1));/departamento/escola-sabatina/;paginas/departamentos/escola-sabatina.md;https://drive.google.com/file/d/1bLzhq9OxlanLQ3oGqi1CfS6g_5J3dGaA/view?usp=sharing;Google Drive;PENDENTE;Escola Sabatina Julho - Dezembro 2ª semestre 2022;https://93cc827c59.cbaul-cdnwnd.com/416a9d9672d9dee926807c75b094dafb/200001152-5d5305d533/Captura%20de%20tela%202022-07-05%20095748%20%281%29.png
Julho - Dezembro 2º semestre 2020;/departamento/escola-sabatina/;paginas/departamentos/escola-sabatina.md;https://drive.google.com/file/d/1qKZEPf9UTTgSdszd6jhx_DbT9Mae8Br1/view?usp=sharing;Google Drive;PENDENTE;Sabatina Julho - Dezembro 2ª semestre 2022 Julho - Dezembro 2º semestre 2020;https://93cc827c59.cbaul-cdnwnd.com/416a9d9672d9dee926807c75b094dafb/200001137-14f2014f24/1111111221212121.PNG
Janeiro - Junho 1º semestre 2020 (Capa LES2020);/departamento/escola-sabatina/;paginas/departamentos/escola-sabatina.md;https://drive.google.com/open?id=1UQmK9T3lqGJ9_uh86McMQJk6_D9_rftF;Google Drive;PENDENTE;2022 Julho - Dezembro 2º semestre 2020 Janeiro - Junho 1º semestre 2020;https://93cc827c59.cbaul-cdnwnd.com/416a9d9672d9dee926807c75b094dafb/200000639-953d1953d3/Capa%20LES2020.jpeg
Julho - Dezembro 2º semestre 2019 (Lição 2ª sem 2019);/departamento/escola-sabatina/;paginas/departamentos/escola-sabatina.md;https://drive.google.com/file/d/1zBaYg4z1gvRFf9gJ4NbOBkQ05BEW5_oI/view?usp=sharing;Google Drive;PENDENTE;2020 Janeiro - Junho 1º semestre 2020 Julho - Dezembro 2º semestre 2019;https://93cc827c59.cbaul-cdnwnd.com/416a9d9672d9dee926807c75b094dafb/system_preview_200000635-2006a2006b/Li%C3%A7%C3%A3o%202%C2%AA%20sem%202019.jpeg
Julho - Dezembro 2º semestre 2018 (Capa LES 2º 2018);/departamento/escola-sabatina/;paginas/departamentos/escola-sabatina.md;https://drive.google.com/open?id=1nUqSy7Jjo9iy3p7mOusSvfWyteWyjl_M;Google Drive;PENDENTE;2020 Julho - Dezembro 2º semestre 2019 Julho - Dezembro 2º semestre 2018;https://93cc827c59.cbaul-cdnwnd.com/416a9d9672d9dee926807c75b094dafb/200000621-a0702a169c/Capa%20LES%202%C2%BA%202018.jpg
Janeiro - Junho 1º semestre 2018 (capa lição);/departamento/escola-sabatina/;paginas/departamentos/escola-sabatina.md;https://drive.google.com/open?id=1jPYz8sLhqpR0JhvLuiRYbA9ixg1tQD4a;Google Drive;PENDENTE;2019 Julho - Dezembro 2º semestre 2018 Janeiro - Junho 1º semestre 2018;https://93cc827c59.cbaul-cdnwnd.com/416a9d9672d9dee926807c75b094dafb/system_preview_200000616-ac9cfad96f/capa%20li%C3%A7%C3%A3o.jpg
Julho - Dezembro 2º semestre 2017;/departamento/escola-sabatina/;paginas/departamentos/escola-sabatina.md;https://drive.google.com/open?id=0B2sWogup0xGMN1hwVjJiU2Zsd0k;Google Drive;PENDENTE;2018 Janeiro - Junho 1º semestre 2018 Julho - Dezembro 2º semestre 2017;https://93cc827c59.cbaul-cdnwnd.com/416a9d9672d9dee926807c75b094dafb/system_preview_detail_200000609-4a1d14b16f/0001o.jpg
Janeiro - Junho 1º semestre 2017 (capa 2017);/departamento/escola-sabatina/;paginas/departamentos/escola-sabatina.md;https://drive.google.com/open?id=0B2sWogup0xGMNGpKeGpjbDJYajg;Google Drive;PENDENTE;2018 Julho - Dezembro 2º semestre 2017 Janeiro - Junho 1º semestre 2017;https://93cc827c59.cbaul-cdnwnd.com/416a9d9672d9dee926807c75b094dafb/system_preview_detail_200000605-2caba2da58/capa%202017.png
2° Semestre de 2016 Julho - Dezembro (capa);/departamento/escola-sabatina/;paginas/departamentos/escola-sabatina.md;https://drive.google.com/open?id=0B2sWogup0xGMQlVFQ2kzRktGRnc;Google Drive;PENDENTE;2017 Janeiro - Junho 1º semestre 2017 2° Semestre de 2016 Julho - Dezembro;https://93cc827c59.cbaul-cdnwnd.com/416a9d9672d9dee926807c75b094dafb/system_preview_detail_200000576-6691a678bb/capa.jpg
Janeiro - Junho 1º semestre 2016;/departamento/escola-sabatina/;paginas/departamentos/escola-sabatina.md;https://drive.google.com/file/d/0B2sWogup0xGMNlIydzNGdndDTk0/view?usp=sharing;Google Drive;PENDENTE;2° Semestre de 2016 Julho - Dezembro Janeiro - Junho 1º semestre 2016 baixar em;https://93cc827c59.cbaul-cdnwnd.com/416a9d9672d9dee926807c75b094dafb/200000064-7fc4580be1/BAIXAR.gif
Julho - Dezembro 2º semestre 2015;/departamento/escola-sabatina/;paginas/departamentos/escola-sabatina.md;http://www.4shared.com/office/66h294v5ce/LES_2015-2_-_pdf.html;outro;PENDENTE;- Junho 1º semestre 2016 baixar em Julho - Dezembro 2º semestre 2015 Baixar em;https://93cc827c59.cbaul-cdnwnd.com/416a9d9672d9dee926807c75b094dafb/200000064-7fc4580be1/BAIXAR.gif
Janeiro - Junho 1º semestre 2015;/departamento/escola-sabatina/;paginas/departamentos/escola-sabatina.md;http://www.4shared.com/office/XM8q_ghHba/Lio_Brasil_-_2015_-_3.html;outro;PENDENTE;- Dezembro 2º semestre 2015 Baixar em Janeiro - Junho 1º semestre 2015 Baixe em;https://93cc827c59.cbaul-cdnwnd.com/416a9d9672d9dee926807c75b094dafb/200000064-7fc4580be1/BAIXAR.gif
Julho - Dezembro 2° Semestre de 2014;/departamento/escola-sabatina/;paginas/departamentos/escola-sabatina.md;http://www.4shared.com/office/lyMU0AHIba/Lio_2_Semestre_-_2014_-_site.html?;outro;PENDENTE;Janeiro - Junho 1º semestre 2015 Baixe em Julho - Dezembro 2° Semestre de 2014;
Julho - Dezembro 2° Semestre de 2014;/departamento/escola-sabatina/;paginas/departamentos/escola-sabatina.md;http://www.4shared.com/office/GQEDfUZK/Lio_2014_-_A5_-_Impresso_Peru.html;outro;PENDENTE;- Junho 1º semestre 2015 Baixe em Julho - Dezembro 2° Semestre de 2014 Baixe em;https://93cc827c59.cbaul-cdnwnd.com/416a9d9672d9dee926807c75b094dafb/200000064-7fc4580be1/BAIXAR.gif
Julho - Dezembro 2° Semestre de 2014;/departamento/escola-sabatina/;paginas/departamentos/escola-sabatina.md;http://www.4shared.com/get/6Z06Gmbs/LES_A5_-_Com_capa_-_2_Sem_2013.html;outro;PENDENTE;semestre 2015 Baixe em Julho - Dezembro 2° Semestre de 2014 Baixe em Baixe em;https://93cc827c59.cbaul-cdnwnd.com/416a9d9672d9dee926807c75b094dafb/200000064-7fc4580be1/BAIXAR.gif
Janeiro - Junho 1º semestre 2013 (Capa LES 2013);/departamento/escola-sabatina/;paginas/departamentos/escola-sabatina.md;https://drive.google.com/open?id=0B2sWogup0xGMOFNmME45eE5xMEk;Google Drive;PENDENTE;2° Semestre de 2014 Baixe em Baixe em Baixe em Janeiro - Junho 1º semestre 2013;https://93cc827c59.cbaul-cdnwnd.com/416a9d9672d9dee926807c75b094dafb/200000606-458774681d/Capa%20LES%202013.PNG
(link sem texto visível no site) Janeiro - Junho 1º semestre 2013;/departamento/escola-sabatina/;paginas/departamentos/escola-sabatina.md;https://drive.google.com/open?id=0B2sWogup0xGMRnhLYWp4UC1OODA;Google Drive;PENDENTE;2° Semestre de 2014 Baixe em Baixe em Baixe em Janeiro - Junho 1º semestre 2013;
Janeiro - Junho 1º semestre 2013 (lição 212);/departamento/escola-sabatina/;paginas/departamentos/escola-sabatina.md;http://pt.calameo.com/read/000748242aa51882c957c;revista eletrônica/Calaméo;PENDENTE;2° Semestre de 2014 Baixe em Baixe em Baixe em Janeiro - Junho 1º semestre 2013;https://93cc827c59.cbaul-cdnwnd.com/416a9d9672d9dee926807c75b094dafb/200000272-ab85fac7fb/li%C3%A7%C3%A3o%20212.PNG
Janeiro - Junho 1º semestre 2013;/departamento/escola-sabatina/;paginas/departamentos/escola-sabatina.md;http://www.4shared.com/office/-uNlcyoR/A5XX_-_LIO_2012_-_Com_Capa.html?;outro;PENDENTE;2° Semestre de 2014 Baixe em Baixe em Baixe em Janeiro - Junho 1º semestre 2013;
Captura de tela 2022-07-05 095748 (1);/departamento/escola-sabatina/;paginas/departamentos/escola-sabatina.md;https://93cc827c59.cbaul-cdnwnd.com/416a9d9672d9dee926807c75b094dafb/200001152-5d5305d533/Captura%20de%20tela%202022-07-05%20095748%20%281%29.png;imagem;PENDENTE;Escola Sabatina Julho - Dezembro 2ª semestre 2022;
1111111221212121;/departamento/escola-sabatina/;paginas/departamentos/escola-sabatina.md;https://93cc827c59.cbaul-cdnwnd.com/416a9d9672d9dee926807c75b094dafb/200001137-14f2014f24/1111111221212121.PNG;imagem;PENDENTE;Sabatina Julho - Dezembro 2ª semestre 2022 Julho - Dezembro 2º semestre 2020;
Capa LES2020;/departamento/escola-sabatina/;paginas/departamentos/escola-sabatina.md;https://93cc827c59.cbaul-cdnwnd.com/416a9d9672d9dee926807c75b094dafb/200000639-953d1953d3/Capa%20LES2020.jpeg;imagem;PENDENTE;2022 Julho - Dezembro 2º semestre 2020 Janeiro - Junho 1º semestre 2020;
Lição 2ª sem 2019;/departamento/escola-sabatina/;paginas/departamentos/escola-sabatina.md;https://93cc827c59.cbaul-cdnwnd.com/416a9d9672d9dee926807c75b094dafb/system_preview_200000635-2006a2006b/Li%C3%A7%C3%A3o%202%C2%AA%20sem%202019.jpeg;imagem;PENDENTE;2020 Janeiro - Junho 1º semestre 2020 Julho - Dezembro 2º semestre 2019;
Capa LES 2º 2018;/departamento/escola-sabatina/;paginas/departamentos/escola-sabatina.md;https://93cc827c59.cbaul-cdnwnd.com/416a9d9672d9dee926807c75b094dafb/200000621-a0702a169c/Capa%20LES%202%C2%BA%202018.jpg;imagem;PENDENTE;2020 Julho - Dezembro 2º semestre 2019 Julho - Dezembro 2º semestre 2018;
capa lição;/departamento/escola-sabatina/;paginas/departamentos/escola-sabatina.md;https://93cc827c59.cbaul-cdnwnd.com/416a9d9672d9dee926807c75b094dafb/system_preview_200000616-ac9cfad96f/capa%20li%C3%A7%C3%A3o.jpg;imagem;PENDENTE;2019 Julho - Dezembro 2º semestre 2018 Janeiro - Junho 1º semestre 2018;
0001o;/departamento/escola-sabatina/;paginas/departamentos/escola-sabatina.md;https://93cc827c59.cbaul-cdnwnd.com/416a9d9672d9dee926807c75b094dafb/system_preview_detail_200000609-4a1d14b16f/0001o.jpg;imagem;PENDENTE;2018 Janeiro - Junho 1º semestre 2018 Julho - Dezembro 2º semestre 2017;
capa 2017;/departamento/escola-sabatina/;paginas/departamentos/escola-sabatina.md;https://93cc827c59.cbaul-cdnwnd.com/416a9d9672d9dee926807c75b094dafb/system_preview_detail_200000605-2caba2da58/capa%202017.png;imagem;PENDENTE;2018 Julho - Dezembro 2º semestre 2017 Janeiro - Junho 1º semestre 2017;
capa;/departamento/escola-sabatina/;paginas/departamentos/escola-sabatina.md;https://93cc827c59.cbaul-cdnwnd.com/416a9d9672d9dee926807c75b094dafb/system_preview_detail_200000576-6691a678bb/capa.jpg;imagem;PENDENTE;2017 Janeiro - Junho 1º semestre 2017 2° Semestre de 2016 Julho - Dezembro;
1515151515151515;/departamento/escola-sabatina/;paginas/departamentos/escola-sabatina.md;https://93cc827c59.cbaul-cdnwnd.com/416a9d9672d9dee926807c75b094dafb/200000567-5a1115b0b7/1515151515151515.PNG;imagem;PENDENTE;2017 2° Semestre de 2016 Julho - Dezembro Janeiro - Junho 1º semestre 2016;
BAIXAR;/departamento/escola-sabatina/;paginas/departamentos/escola-sabatina.md;https://93cc827c59.cbaul-cdnwnd.com/416a9d9672d9dee926807c75b094dafb/200000064-7fc4580be1/BAIXAR.gif;imagem;PENDENTE;2° Semestre de 2016 Julho - Dezembro Janeiro - Junho 1º semestre 2016 baixar em;
gfgggfg;/departamento/escola-sabatina/;paginas/departamentos/escola-sabatina.md;https://93cc827c59.cbaul-cdnwnd.com/416a9d9672d9dee926807c75b094dafb/200000563-05b1606ab2/gfgggfg.PNG;imagem;PENDENTE;Janeiro - Junho 1º semestre 2016 baixar em Julho - Dezembro 2º semestre 2015;
S2190010;/departamento/escola-sabatina/;paginas/departamentos/escola-sabatina.md;https://93cc827c59.cbaul-cdnwnd.com/416a9d9672d9dee926807c75b094dafb/system_preview_detail_200000553-8198b82929/S2190010.JPG;imagem;PENDENTE;em Julho - Dezembro 2º semestre 2015 Baixar em Janeiro - Junho 1º semestre 2015;
cpa alião 2014 001;/departamento/escola-sabatina/;paginas/departamentos/escola-sabatina.md;https://93cc827c59.cbaul-cdnwnd.com/416a9d9672d9dee926807c75b094dafb/200000522-88a41899f0/cpa%20ali%C3%A3o%202014%20001.jpg;imagem;PENDENTE;Janeiro - Junho 1º semestre 2015 Baixe em Julho - Dezembro 2° Semestre de 2014;
Capturar;/departamento/escola-sabatina/;paginas/departamentos/escola-sabatina.md;https://93cc827c59.cbaul-cdnwnd.com/416a9d9672d9dee926807c75b094dafb/200000273-ca6d8cb678/Capturar.PNG;imagem;PENDENTE;- Junho 1º semestre 2015 Baixe em Julho - Dezembro 2° Semestre de 2014 Baixe em;
capa lição 2013.2 - Cópia;/departamento/escola-sabatina/;paginas/departamentos/escola-sabatina.md;https://93cc827c59.cbaul-cdnwnd.com/416a9d9672d9dee926807c75b094dafb/200000499-e679ce773d/capa%20li%C3%A7%C3%A3o%202013.2%20-%20C%C3%B3pia.jpg;imagem;PENDENTE;semestre 2015 Baixe em Julho - Dezembro 2° Semestre de 2014 Baixe em Baixe em;
Capa LES 2013;/departamento/escola-sabatina/;paginas/departamentos/escola-sabatina.md;https://93cc827c59.cbaul-cdnwnd.com/416a9d9672d9dee926807c75b094dafb/200000606-458774681d/Capa%20LES%202013.PNG;imagem;PENDENTE;2° Semestre de 2014 Baixe em Baixe em Baixe em Janeiro - Junho 1º semestre 2013;
lição 212;/departamento/escola-sabatina/;paginas/departamentos/escola-sabatina.md;https://93cc827c59.cbaul-cdnwnd.com/416a9d9672d9dee926807c75b094dafb/200000272-ab85fac7fb/li%C3%A7%C3%A3o%20212.PNG;imagem;PENDENTE;2° Semestre de 2014 Baixe em Baixe em Baixe em Janeiro - Junho 1º semestre 2013;
Secretaria Relatorios todos os departamentos;/departamento/secretaria/;paginas/departamentos/secretaria.md;https://drive.google.com/open?id=1FmE_5527sQwyKCRTJs15pZBAezG5NWo_;Google Drive;PENDENTE;Secretaria Relatorios todos os departamentos baixar em;https://93cc827c59.cbaul-cdnwnd.com/416a9d9672d9dee926807c75b094dafb/200000064-7fc4580be1/BAIXAR.gif
Secretaria Relatorios todos os departamentos (relatorios);/departamento/secretaria/;paginas/departamentos/secretaria.md;http://www.4shared.com/office/wkoN6jZT/Formulrios_Originais_2010_-_20.html?;outro;PENDENTE;Secretaria Relatorios todos os departamentos baixar em;https://93cc827c59.cbaul-cdnwnd.com/416a9d9672d9dee926807c75b094dafb/200000096-641d565172/relatorios.PNG
Relatorios todos os departamentos Boletim Informativo Africa do Sul;/departamento/secretaria/;paginas/departamentos/secretaria.md;http://www.4shared.com/office/hnprAe9v/Boletim_Informativo_pronto.html?;outro;PENDENTE;Relatorios todos os departamentos baixar em Boletim Informativo Africa do Sul;https://93cc827c59.cbaul-cdnwnd.com/416a9d9672d9dee926807c75b094dafb/200000064-7fc4580be1/BAIXAR.gif
Boletim Informativo Africa do Sul Boletim Informativo;/departamento/secretaria/;paginas/departamentos/secretaria.md;http://www.calameo.com/read/00074824276be565f05d2;revista eletrônica/Calaméo;PENDENTE;baixar em Boletim Informativo Africa do Sul Baixar em Boletim Informativo;https://93cc827c59.cbaul-cdnwnd.com/416a9d9672d9dee926807c75b094dafb/200000095-aad63abd02/boletim.PNG
Boletim Informativo Africa do Sul Boletim Informativo;/departamento/secretaria/;paginas/departamentos/secretaria.md;https://www.4shared.com/office/jZBbQ0s5/informativo_da_Associao.html;outro;PENDENTE;baixar em Boletim Informativo Africa do Sul Baixar em Boletim Informativo;https://93cc827c59.cbaul-cdnwnd.com/416a9d9672d9dee926807c75b094dafb/200000064-7fc4580be1/BAIXAR.gif
BAIXAR;/departamento/secretaria/;paginas/departamentos/secretaria.md;https://93cc827c59.cbaul-cdnwnd.com/416a9d9672d9dee926807c75b094dafb/200000064-7fc4580be1/BAIXAR.gif;imagem;PENDENTE;Secretaria Relatorios todos os departamentos baixar em;
relatorios;/departamento/secretaria/;paginas/departamentos/secretaria.md;https://93cc827c59.cbaul-cdnwnd.com/416a9d9672d9dee926807c75b094dafb/200000096-641d565172/relatorios.PNG;imagem;PENDENTE;Secretaria Relatorios todos os departamentos baixar em;
boletim africa;/departamento/secretaria/;paginas/departamentos/secretaria.md;https://93cc827c59.cbaul-cdnwnd.com/416a9d9672d9dee926807c75b094dafb/200000132-14cdb15c79/boletim%20africa.PNG;imagem;PENDENTE;Relatorios todos os departamentos baixar em Boletim Informativo Africa do Sul;
boletim;/departamento/secretaria/;paginas/departamentos/secretaria.md;https://93cc827c59.cbaul-cdnwnd.com/416a9d9672d9dee926807c75b094dafb/200000095-aad63abd02/boletim.PNG;imagem;PENDENTE;baixar em Boletim Informativo Africa do Sul Baixar em Boletim Informativo;
uvenil Folheto completo;/publicações/;paginas/download.md;http://www.4shared.com/office/GOi2vA1Aba/Os_Verdadeiros_Adventistas.html?;outro;PENDENTE;Evangelismo e Liturgia Semana do Calvário Semana J uvenil Folheto completo;
vereda;/publicações/;paginas/download.md;https://93cc827c59.cbaul-cdnwnd.com/416a9d9672d9dee926807c75b094dafb/200000139-d7405d83a3/vereda.PNG;imagem;PENDENTE;Download Livro Vereda Fendida Livro Martires Século XX;
fe do dos;/publicações/;paginas/download.md;https://93cc827c59.cbaul-cdnwnd.com/416a9d9672d9dee926807c75b094dafb/200000137-d433cd627c/fe%20do%20dos.PNG;imagem;PENDENTE;Download Livro Vereda Fendida Livro Martires Século XX;
0001;/publicações/;paginas/download.md;https://93cc827c59.cbaul-cdnwnd.com/416a9d9672d9dee926807c75b094dafb/200000607-551a856144/0001.jpg;imagem;PENDENTE;Fendida Livro Martires Século XX Semana do Calvário Lição Escola Sabatina;
Capa LES2020;/publicações/;paginas/download.md;https://93cc827c59.cbaul-cdnwnd.com/416a9d9672d9dee926807c75b094dafb/200000639-953d1953d3/Capa%20LES2020.jpeg;imagem;PENDENTE;Fendida Livro Martires Século XX Semana do Calvário Lição Escola Sabatina;
folheto;/publicações/;paginas/download.md;https://93cc827c59.cbaul-cdnwnd.com/416a9d9672d9dee926807c75b094dafb/200000521-871898812d/folheto.JPG;imagem;PENDENTE;de Nossa Fidelidade Evangelismo e Liturgia Semana do Calvário Semana J uvenil;
Mártires do Século XX (fe do dos);/publicações/livros/;paginas/download/martires-do-seculo-xx.md;https://drive.google.com/file/d/0B2sWogup0xGMenZ3bWRKMDlKUnM/view?usp=sharing;Google Drive;PENDENTE;Mártires do Século XX;https://93cc827c59.cbaul-cdnwnd.com/416a9d9672d9dee926807c75b094dafb/200000137-d433cd627c/fe%20do%20dos.PNG
fe do dos;/publicações/livros/;paginas/download/martires-do-seculo-xx.md;https://93cc827c59.cbaul-cdnwnd.com/416a9d9672d9dee926807c75b094dafb/200000137-d433cd627c/fe%20do%20dos.PNG;imagem;PENDENTE;Mártires do Século XX;
BAIXAR;/publicações/livros/;paginas/download/martires-do-seculo-xx.md;https://93cc827c59.cbaul-cdnwnd.com/416a9d9672d9dee926807c75b094dafb/200000064-7fc4580be1/BAIXAR.gif;imagem;PENDENTE;"o mal, dos quais o SENHOR declara: ""Eles o venceram pelo do Cordeiro. Baixar em";
1. O Retorno Mais Esperado;/publicações/folhetos/;paginas/download/folhetos.md;http://www.4shared.com/office/SZ4_h7ib/Breve_jesus_voltar_curvas.html?;outro;PENDENTE;Folhetos;
2. Importa a Diferença;/publicações/folhetos/;paginas/download/folhetos.md;http://www.4shared.com/office/k_5S9lKo/Folheto_importa_a_diferena_-_c.html?;outro;PENDENTE;Folhetos 1. O Retorno Mais Esperado;
3. 24 Razões para Guardar o Sábado;/publicações/folhetos/;paginas/download/folhetos.md;http://www.4shared.com/office/nSYSmkuY/24razes--curvas.html?;outro;PENDENTE;Folhetos 1. O Retorno Mais Esperado 2. Importa a Diferença;
4. Vida Depois da Morte?;/publicações/folhetos/;paginas/download/folhetos.md;http://www.4shared.com/office/p41Q2QZ8/folheto_mortos_-_curvas.html?;outro;PENDENTE;Retorno Mais Esperado 2. Importa a Diferença 3. 24 Razões para Guardar o Sábado;
5. Estenda Sua Mão;/publicações/folhetos/;paginas/download/folhetos.md;http://www.4shared.com/file/KHSpYjchba/Estenda_Sua_Mo.html?;outro;PENDENTE;Importa a Diferença 3. 24 Razões para Guardar o Sábado 4. Vida Depois da Morte?;
bilbia;/diversos/biblia-online/;paginas/diversos/diversos/biblia-online.md;https://93cc827c59.cbaul-cdnwnd.com/416a9d9672d9dee926807c75b094dafb/200000274-e18cbe2867/bilbia.jpg;imagem;PENDENTE;Bíblia Online;
entenário da SMI IASD Movimento de Reforma Cem anos de fidelidade - 1914-2014 (Tema 1);/videos-/;paginas/transmissoes-ao-vivo.md;https://www.youtube.com/watch?v=oL_hVGa8RUA;YouTube;PENDENTE;C entenário da SMI IASD Movimento de Reforma Cem anos de fidelidade - 1914-2014;https://93cc827c59.cbaul-cdnwnd.com/416a9d9672d9dee926807c75b094dafb/200000589-a2328a426d/Tema%201.PNG
entenário da SMI IASD Movimento de Reforma Cem anos de fidelidade - 1914-2014 (tema 2);/videos-/;paginas/transmissoes-ao-vivo.md;https://www.youtube.com/watch?v=F3kxpp2Uz-w;YouTube;PENDENTE;C entenário da SMI IASD Movimento de Reforma Cem anos de fidelidade - 1914-2014;https://93cc827c59.cbaul-cdnwnd.com/416a9d9672d9dee926807c75b094dafb/200000590-c65aac84ef/tema%202.PNG
entenário da SMI IASD Movimento de Reforma Cem anos de fidelidade - 1914-2014 TEMA 1 TEMA 2 (tema 3);/videos-/;paginas/transmissoes-ao-vivo.md;https://www.youtube.com/watch?v=UIZCugaDchI;YouTube;PENDENTE;SMI IASD Movimento de Reforma Cem anos de fidelidade - 1914-2014 TEMA 1 TEMA 2;https://93cc827c59.cbaul-cdnwnd.com/416a9d9672d9dee926807c75b094dafb/200000591-c4adbc5a7b/tema%203.PNG
entenário da SMI IASD Movimento de Reforma Cem anos de fidelidade - 1914-2014 TEMA 1 TEMA 2 (tema 4);/videos-/;paginas/transmissoes-ao-vivo.md;https://www.youtube.com/watch?v=MF5TQQyNkEQ;YouTube;PENDENTE;SMI IASD Movimento de Reforma Cem anos de fidelidade - 1914-2014 TEMA 1 TEMA 2;https://93cc827c59.cbaul-cdnwnd.com/416a9d9672d9dee926807c75b094dafb/200000592-9adf69bd83/tema%204.PNG
TEMA 1 TEMA 2 TEMA 3 TEMA 4 (tema 5);/videos-/;paginas/transmissoes-ao-vivo.md;https://www.youtube.com/watch?v=n36vlqT_9UU;YouTube;PENDENTE;de Reforma Cem anos de fidelidade - 1914-2014 TEMA 1 TEMA 2 TEMA 3 TEMA 4;https://93cc827c59.cbaul-cdnwnd.com/416a9d9672d9dee926807c75b094dafb/200000593-5dff65ff25/tema%205.PNG
Tema 1;/videos-/;paginas/transmissoes-ao-vivo.md;https://93cc827c59.cbaul-cdnwnd.com/416a9d9672d9dee926807c75b094dafb/200000589-a2328a426d/Tema%201.PNG;imagem;PENDENTE;C entenário da SMI IASD Movimento de Reforma Cem anos de fidelidade - 1914-2014;
tema 2;/videos-/;paginas/transmissoes-ao-vivo.md;https://93cc827c59.cbaul-cdnwnd.com/416a9d9672d9dee926807c75b094dafb/200000590-c65aac84ef/tema%202.PNG;imagem;PENDENTE;C entenário da SMI IASD Movimento de Reforma Cem anos de fidelidade - 1914-2014;
tema 3;/videos-/;paginas/transmissoes-ao-vivo.md;https://93cc827c59.cbaul-cdnwnd.com/416a9d9672d9dee926807c75b094dafb/200000591-c4adbc5a7b/tema%203.PNG;imagem;PENDENTE;SMI IASD Movimento de Reforma Cem anos de fidelidade - 1914-2014 TEMA 1 TEMA 2;
tema 4;/videos-/;paginas/transmissoes-ao-vivo.md;https://93cc827c59.cbaul-cdnwnd.com/416a9d9672d9dee926807c75b094dafb/200000592-9adf69bd83/tema%204.PNG;imagem;PENDENTE;SMI IASD Movimento de Reforma Cem anos de fidelidade - 1914-2014 TEMA 1 TEMA 2;
tema 5;/videos-/;paginas/transmissoes-ao-vivo.md;https://93cc827c59.cbaul-cdnwnd.com/416a9d9672d9dee926807c75b094dafb/200000593-5dff65ff25/tema%205.PNG;imagem;PENDENTE;de Reforma Cem anos de fidelidade - 1914-2014 TEMA 1 TEMA 2 TEMA 3 TEMA 4;
Conteúdo incorporado (YouTube);/videos-/;paginas/transmissoes-ao-vivo.md;https://www.youtube.com/embed/qTn684IV7qw;YouTube;PENDENTE;;
Encontro de Casais Bahia 2020 Semana da Familia (maior);/departamento/familia/;paginas/departamentos/familia.md;https://drive.google.com/open?id=1h1y8Le_Vj8NGP3nkpkmrdprjd-QRuqZQ;Google Drive;PENDENTE;Encontro de Casais Bahia 2020 1 | 2 | 3 > >> Semana da Familia 2015 2013 2014;https://93cc827c59.cbaul-cdnwnd.com/416a9d9672d9dee926807c75b094dafb/200000536-d6d89d7d3a/maior.PNG
Encontro de Casais Bahia 2020 Semana da Familia (semana familia);/departamento/familia/;paginas/departamentos/familia.md;https://drive.google.com/open?id=1bmeAmgXhjkfXZtv3KXuUYsSLuotKO7rE;Google Drive;PENDENTE;Encontro de Casais Bahia 2020 1 | 2 | 3 > >> Semana da Familia 2015 2013 2014;https://93cc827c59.cbaul-cdnwnd.com/416a9d9672d9dee926807c75b094dafb/200000136-e391ce48bf/semana%20familia.PNG
/album/galeria-de-fotos-familia/a2d599028-8421-4923-9948-20101c7b4fe4-jpg/;/departamento/familia/;paginas/departamentos/familia.md;https://93cc827c59.cbaul-cdnwnd.com/416a9d9672d9dee926807c75b094dafb/system_preview_small_200000664-92a3192a33-public/2d599028-8421-4923-9948-20101c7b4fe4.jpg;imagem;PENDENTE;Encontro de Casais Bahia 2020;
/album/galeria-de-fotos-familia/a2e09cce1-4a88-43b1-84a3-1051c9487e48-jpg/;/departamento/familia/;paginas/departamentos/familia.md;https://93cc827c59.cbaul-cdnwnd.com/416a9d9672d9dee926807c75b094dafb/system_preview_small_200000665-5b13f5b141-public/2e09cce1-4a88-43b1-84a3-1051c9487e48.jpg;imagem;PENDENTE;Encontro de Casais Bahia 2020;
/album/galeria-de-fotos-familia/a3b79f0ea-0cdb-48ad-8135-8f851a046020-jpg/;/departamento/familia/;paginas/departamentos/familia.md;https://93cc827c59.cbaul-cdnwnd.com/416a9d9672d9dee926807c75b094dafb/system_preview_small_200000666-8052f80531-public/3b79f0ea-0cdb-48ad-8135-8f851a046020.jpg;imagem;PENDENTE;Encontro de Casais Bahia 2020;
/album/galeria-de-fotos-familia/a3ffe6310-c199-4ae7-89f7-ef6b5a03a370-jpg/;/departamento/familia/;paginas/departamentos/familia.md;https://93cc827c59.cbaul-cdnwnd.com/416a9d9672d9dee926807c75b094dafb/system_preview_small_200000667-9e9469e947-public/3ffe6310-c199-4ae7-89f7-ef6b5a03a370.jpg;imagem;PENDENTE;Encontro de Casais Bahia 2020;
/album/galeria-de-fotos-familia/a5e716a1c-b23e-4f51-bde9-6e0bf02bd83c-jpg/;/departamento/familia/;paginas/departamentos/familia.md;https://93cc827c59.cbaul-cdnwnd.com/416a9d9672d9dee926807c75b094dafb/system_preview_small_200000668-ba678ba679-public/5e716a1c-b23e-4f51-bde9-6e0bf02bd83c.jpg;imagem;PENDENTE;Encontro de Casais Bahia 2020;
/album/galeria-de-fotos-familia/a7dc11dab-4a79-468c-baef-2a41e2a6e8fc-jpg/;/departamento/familia/;paginas/departamentos/familia.md;https://93cc827c59.cbaul-cdnwnd.com/416a9d9672d9dee926807c75b094dafb/system_preview_small_200000669-e0364e0366-public/7dc11dab-4a79-468c-baef-2a41e2a6e8fc.jpg;imagem;PENDENTE;Encontro de Casais Bahia 2020;
/album/galeria-de-fotos-familia/a9dca1e0d-dce6-4cbd-bf5c-7b2211f208cc-jpg/;/departamento/familia/;paginas/departamentos/familia.md;https://93cc827c59.cbaul-cdnwnd.com/416a9d9672d9dee926807c75b094dafb/system_preview_small_200000670-a83dfa83e1-public/9dca1e0d-dce6-4cbd-bf5c-7b2211f208cc.jpg;imagem;PENDENTE;Encontro de Casais Bahia 2020;
/album/galeria-de-fotos-familia/a19e84d17-bf0f-4d6b-bb65-350fa4deb3ca-jpg/;/departamento/familia/;paginas/departamentos/familia.md;https://93cc827c59.cbaul-cdnwnd.com/416a9d9672d9dee926807c75b094dafb/system_preview_small_200000671-d7ed9d7eda-public/19e84d17-bf0f-4d6b-bb65-350fa4deb3ca.jpg;imagem;PENDENTE;Encontro de Casais Bahia 2020;
/album/galeria-de-fotos-familia/a23f4a588-04c7-4d4d-bb4d-0f1555fc1f0a-jpg/;/departamento/familia/;paginas/departamentos/familia.md;https://93cc827c59.cbaul-cdnwnd.com/416a9d9672d9dee926807c75b094dafb/system_preview_small_200000672-a5a1ea5a1f-public/23f4a588-04c7-4d4d-bb4d-0f1555fc1f0a.jpg;imagem;PENDENTE;Encontro de Casais Bahia 2020;
/album/galeria-de-fotos-familia/a34c4f0c7-4e95-463d-88a8-f8afb6892178-jpg/;/departamento/familia/;paginas/departamentos/familia.md;https://93cc827c59.cbaul-cdnwnd.com/416a9d9672d9dee926807c75b094dafb/system_preview_small_200000673-9e2e89e2ea-public/34c4f0c7-4e95-463d-88a8-f8afb6892178.jpg;imagem;PENDENTE;Encontro de Casais Bahia 2020;
maior;/departamento/familia/;paginas/departamentos/familia.md;https://93cc827c59.cbaul-cdnwnd.com/416a9d9672d9dee926807c75b094dafb/200000536-d6d89d7d3a/maior.PNG;imagem;PENDENTE;Encontro de Casais Bahia 2020 1 | 2 | 3 > >> Semana da Familia 2015 2013 2014;
SF-2013.-3cdr - Cópia;/departamento/familia/;paginas/departamentos/familia.md;https://93cc827c59.cbaul-cdnwnd.com/416a9d9672d9dee926807c75b094dafb/200000501-a1b68a2f9a/SF-2013.-3cdr%20-%20C%C3%B3pia.jpg;imagem;PENDENTE;Encontro de Casais Bahia 2020 1 | 2 | 3 > >> Semana da Familia 2015 2013 2014;
semana familia;/departamento/familia/;paginas/departamentos/familia.md;https://93cc827c59.cbaul-cdnwnd.com/416a9d9672d9dee926807c75b094dafb/200000136-e391ce48bf/semana%20familia.PNG;imagem;PENDENTE;Encontro de Casais Bahia 2020 1 | 2 | 3 > >> Semana da Familia 2015 2013 2014;
Veja em Formato de Revista Eletronica;/doutrinas/principios-de-fe/;paginas/doutrinas/principios-de-fe.md;http://www.calameo.com/read/00074824246b6d4d0b45e;revista eletrônica/Calaméo;PENDENTE;ASSOCIAÇÃO BRASILEIRA DA IGREJA ADVENTISTA DO SÉTIMO DIA MOVIMENTO DE REFORMA;
Manual de Igreja;/doutrinas/manual-de-igreja/;paginas/doutrinas/manual-de-igreja.md;https://drive.google.com/file/d/1zTvK2Vcsq14kAtLoH5rVCOmGeAL52_Vx/view?usp=drivesdk;Google Drive;PENDENTE;Manual de Igreja;https://93cc827c59.cbaul-cdnwnd.com/416a9d9672d9dee926807c75b094dafb/200000064-7fc4580be1/BAIXAR.gif
BAIXAR;/doutrinas/manual-de-igreja/;paginas/doutrinas/manual-de-igreja.md;https://93cc827c59.cbaul-cdnwnd.com/416a9d9672d9dee926807c75b094dafb/200000064-7fc4580be1/BAIXAR.gif;imagem;PENDENTE;Manual de Igreja;
Manual de Normas e Funções (manual aa);/doutrinas/manual-de-normas-e-funções/;paginas/doutrinas/manual-de-normas-e-funcoes.md;https://drive.google.com/open?id=1ks0a_WH4OaZ3c456B1BQd2qpS2sYYfu4;Google Drive;PENDENTE;Manual de Normas e Funções;https://93cc827c59.cbaul-cdnwnd.com/416a9d9672d9dee926807c75b094dafb/200000656-5b3ae5b3af/manual%20aa.png
manual aa;/doutrinas/manual-de-normas-e-funções/;paginas/doutrinas/manual-de-normas-e-funcoes.md;https://93cc827c59.cbaul-cdnwnd.com/416a9d9672d9dee926807c75b094dafb/200000656-5b3ae5b3af/manual%20aa.png;imagem;PENDENTE;Manual de Normas e Funções;
Renovação de nossa Fidelidade (mostra);/doutrinas/renovação-de-nossa-fidelidade/;paginas/doutrinas/renovacao-de-nossa-fidelidade.md;https://drive.google.com/file/d/0B2sWogup0xGMWWF3NEFVSU1RaVk/view?usp=sharing;Google Drive;PENDENTE;Renovação de nossa Fidelidade;https://93cc827c59.cbaul-cdnwnd.com/416a9d9672d9dee926807c75b094dafb/200000570-7aa797ba16/mostra.jpg
mostra;/doutrinas/renovação-de-nossa-fidelidade/;paginas/doutrinas/renovacao-de-nossa-fidelidade.md;https://93cc827c59.cbaul-cdnwnd.com/416a9d9672d9dee926807c75b094dafb/200000570-7aa797ba16/mostra.jpg;imagem;PENDENTE;Renovação de nossa Fidelidade;
BAIXAR;/doutrinas/renovação-de-nossa-fidelidade/;paginas/doutrinas/renovacao-de-nossa-fidelidade.md;https://93cc827c59.cbaul-cdnwnd.com/416a9d9672d9dee926807c75b094dafb/200000064-7fc4580be1/BAIXAR.gif;imagem;PENDENTE;Renovação de nossa Fidelidade Baixar em;
Descrição: https://93cc827c59.cbaul-cdnwnd.com/416a9d9672d9dee926807c75b094dafb/stories/renovao1.png;/doutrinas/renovação-de-nossa-fidelidade/;paginas/doutrinas/renovacao-de-nossa-fidelidade.md;file:///C:%5CUsers%5CWilton%5CAppData%5CLocal%5CTemp%5Cmsohtmlclip1%5C01%5Cclip_image001.png;imagem;PENDENTE;psicossomáticas, ou biopsicossocio-espiritual Vejamos o diagrama seguinte:;
Descrição: https://93cc827c59.cbaul-cdnwnd.com/416a9d9672d9dee926807c75b094dafb/stories/renovao2.png;/doutrinas/renovação-de-nossa-fidelidade/;paginas/doutrinas/renovacao-de-nossa-fidelidade.md;file:///C:%5CUsers%5CWilton%5CAppData%5CLocal%5CTemp%5Cmsohtmlclip1%5C01%5Cclip_image002.png;imagem;PENDENTE;tomou lugar do amor, ficando no centro do comando. Vejamos o seguinte diagrama:;
Nossa História;/diversos/nossa-historia/;paginas/diversos/diversos/nossa-historia.md;http://www.4shared.com/office/JvPWflHa/protocolo51.html?;outro;PENDENTE;Nossa História;https://93cc827c59.cbaul-cdnwnd.com/416a9d9672d9dee926807c75b094dafb/200000498-0d8bc0e85d/boletim.PNG
boletim;/diversos/nossa-historia/;paginas/diversos/diversos/nossa-historia.md;https://93cc827c59.cbaul-cdnwnd.com/416a9d9672d9dee926807c75b094dafb/200000498-0d8bc0e85d/boletim.PNG;imagem;PENDENTE;Nossa História;
BAIXAR;/diversos/nossa-historia/;paginas/diversos/diversos/nossa-historia.md;https://93cc827c59.cbaul-cdnwnd.com/416a9d9672d9dee926807c75b094dafb/200000064-7fc4580be1/BAIXAR.gif;imagem;PENDENTE;Nossa História Baixar em pdf;
Semana da Mordomia Cristã Clique aqui para baixar em;/publicações/semana-da-mordomia-cristã/;paginas/download/semana-da-mordomia-crista.md;https://drive.google.com/open?id=0B2sWogup0xGMXzFTVmVPQmFlYjA;Google Drive;PENDENTE;da Mordomia Cristã Semana da Mordomia Cristã 2015 Clique aqui para baixar em;https://93cc827c59.cbaul-cdnwnd.com/416a9d9672d9dee926807c75b094dafb/200000064-7fc4580be1/BAIXAR.gif
Clique aqui para baixar em Leitura Baixar parte 1 em;/publicações/semana-da-mordomia-cristã/;paginas/download/semana-da-mordomia-crista.md;http://www.4shared.com/file/sJvbHB2Jce/MORDOMIA_CRIST__2015_1_tema_pa.html;outro;PENDENTE;da Mordomia Cristã 2015 Clique aqui para baixar em 1ª Leitura Baixar parte 1 em;https://93cc827c59.cbaul-cdnwnd.com/416a9d9672d9dee926807c75b094dafb/200000537-5c8085e73f/ppt.PNG
Leitura Baixar parte 1 em Baixar parte 2 em;/publicações/semana-da-mordomia-cristã/;paginas/download/semana-da-mordomia-crista.md;http://www.4shared.com/file/4CXeysNrba/MORDOMIA_CRIST__2015_1_tema_pa.html;outro;PENDENTE;2015 Clique aqui para baixar em 1ª Leitura Baixar parte 1 em Baixar parte 2 em;https://93cc827c59.cbaul-cdnwnd.com/416a9d9672d9dee926807c75b094dafb/200000537-5c8085e73f/ppt.PNG
Baixar parte 2 em Leitura Baixar em;/publicações/semana-da-mordomia-cristã/;paginas/download/semana-da-mordomia-crista.md;http://www.4shared.com/file/5tiX0eu4ba/MORDOMIA_2_Salvo_automaticamen.html;outro;PENDENTE;baixar em 1ª Leitura Baixar parte 1 em Baixar parte 2 em 2ª Leitura Baixar em;https://93cc827c59.cbaul-cdnwnd.com/416a9d9672d9dee926807c75b094dafb/200000537-5c8085e73f/ppt.PNG
Leitura Baixar em Leitura Baixar em;/publicações/semana-da-mordomia-cristã/;paginas/download/semana-da-mordomia-crista.md;http://www.4shared.com/file/mX4dfBCCce/SEGUNDO_DZIMO_-_raqueldocx.html;outro;PENDENTE;Baixar parte 1 em Baixar parte 2 em 2ª Leitura Baixar em 3ª Leitura Baixar em;https://93cc827c59.cbaul-cdnwnd.com/416a9d9672d9dee926807c75b094dafb/200000537-5c8085e73f/ppt.PNG
ok;/publicações/semana-da-mordomia-cristã/;paginas/download/semana-da-mordomia-crista.md;https://93cc827c59.cbaul-cdnwnd.com/416a9d9672d9dee926807c75b094dafb/200000539-4ea344f9d2/ok.PNG;imagem;PENDENTE;Semana da Mordomia Cristã Semana da Mordomia Cristã 2015;
BAIXAR;/publicações/semana-da-mordomia-cristã/;paginas/download/semana-da-mordomia-crista.md;https://93cc827c59.cbaul-cdnwnd.com/416a9d9672d9dee926807c75b094dafb/200000064-7fc4580be1/BAIXAR.gif;imagem;PENDENTE;da Mordomia Cristã Semana da Mordomia Cristã 2015 Clique aqui para baixar em;
ppt;/publicações/semana-da-mordomia-cristã/;paginas/download/semana-da-mordomia-crista.md;https://93cc827c59.cbaul-cdnwnd.com/416a9d9672d9dee926807c75b094dafb/200000537-5c8085e73f/ppt.PNG;imagem;PENDENTE;da Mordomia Cristã 2015 Clique aqui para baixar em 1ª Leitura Baixar parte 1 em;
Semana da Juventude;/departamento/jovens/semana-da-juventude/;paginas/departamentos/jovens/semana-da-juventude.md;http://pt.calameo.com/read/000748242188f8edfb631;revista eletrônica/Calaméo;PENDENTE;Semana da Juventude;https://93cc827c59.cbaul-cdnwnd.com/416a9d9672d9dee926807c75b094dafb/200000271-be45abf3f4/2009.PNG
2009;/departamento/jovens/semana-da-juventude/;paginas/departamentos/jovens/semana-da-juventude.md;https://93cc827c59.cbaul-cdnwnd.com/416a9d9672d9dee926807c75b094dafb/200000271-be45abf3f4/2009.PNG;imagem;PENDENTE;Semana da Juventude;
mapa22;/diversos/contato/;paginas/diversos/diversos/contato.md;https://93cc827c59.cbaul-cdnwnd.com/416a9d9672d9dee926807c75b094dafb/200000140-3306a34006/mapa22.png;imagem;PENDENTE;(11) 2957-4087 ou 4306-4087 smireforma14@hotmail.com contato@smir14.com.br Mapa;
Semana de Oração Divisão 2020 (capa semana de oração);/publicações/semana-de-oração/;paginas/download/semana-de-oracao.md;https://drive.google.com/file/d/1Txp_EWCf_FilCUvS3bT4sWWpX1u0445e/view?usp=sharing;Google Drive;PENDENTE;Semana de Oração Divisão 2020;https://93cc827c59.cbaul-cdnwnd.com/416a9d9672d9dee926807c75b094dafb/200001138-dbf6bdbf6e/capa%20semana%20de%20ora%C3%A7%C3%A3o.png
Semana de Oração Divisão 2020 Semana de Oração 2019 (Semana De Oração 2019);/publicações/semana-de-oração/;paginas/download/semana-de-oracao.md;https://drive.google.com/file/d/1Y7q-oKHlxhAfVMAsIpQTQ6AI8rD3isF4/view?usp=sharing;Google Drive;PENDENTE;Semana de Oração Divisão 2020 Semana de Oração 2019;https://93cc827c59.cbaul-cdnwnd.com/416a9d9672d9dee926807c75b094dafb/200000638-090e9090eb/Semana%20De%20Ora%C3%A7%C3%A3o%202019.jpg
Semana de Oração Divisão 2019 Semana de Oração Divisão 2018 (Sem Oracao 2018);/publicações/semana-de-oração/;paginas/download/semana-de-oracao.md;https://drive.google.com/open?id=1_763-IDL8RTVzcG-yhrmBcgt_cYZYvoz;Google Drive;PENDENTE;de Oração 2019 Semana de Oração Divisão 2019 Semana de Oração Divisão 2018;https://93cc827c59.cbaul-cdnwnd.com/416a9d9672d9dee926807c75b094dafb/system_preview_detail_200000622-86be587b83/Sem%20Oracao%202018.jpg
Clique na imagem para Baixar Semana de Oração 2017 (Capa 2017);/publicações/semana-de-oração/;paginas/download/semana-de-oracao.md;https://drive.google.com/open?id=1-OQNyq4XnyGUeGAh6CB0AuCUC8PC-NZo;Google Drive;PENDENTE;de Oração Divisão 2018 Clique na imagem para Baixar Semana de Oração 2017;https://93cc827c59.cbaul-cdnwnd.com/416a9d9672d9dee926807c75b094dafb/system_preview_detail_200000618-1679b1773e/Capa%202017.jpg
Clique na imagem para Baixar Semana de Oração Divisão 2017 (capa seman de oração);/publicações/semana-de-oração/;paginas/download/semana-de-oracao.md;https://drive.google.com/open?id=0B2sWogup0xGMUVFiU1k3MnpPNnc;Google Drive;PENDENTE;de Oração 2017 Clique na imagem para Baixar Semana de Oração Divisão 2017;https://93cc827c59.cbaul-cdnwnd.com/416a9d9672d9dee926807c75b094dafb/200000611-a2503a34a7/capa%20seman%20de%20ora%C3%A7%C3%A3o.png
Clique na imagem para Baixar Semana de Oração 2016 (semana de oração);/publicações/semana-de-oração/;paginas/download/semana-de-oracao.md;https://drive.google.com/open?id=0B2sWogup0xGMLVJUZE9JOW1QNFU;Google Drive;PENDENTE;de Oração Divisão 2017 Clique na imagem para Baixar Semana de Oração 2016;https://93cc827c59.cbaul-cdnwnd.com/416a9d9672d9dee926807c75b094dafb/system_preview_detail_200000603-01dfa02d9b/semana%20de%20ora%C3%A7%C3%A3o.jpg
Clique na imagem para Baixar Semana de Oração Divisão 2016 (Sem título);/publicações/semana-de-oração/;paginas/download/semana-de-oracao.md;https://drive.google.com/open?id=0B2sWogup0xGMN3Fkc3V6YXAwOGs;Google Drive;PENDENTE;de Oração 2016 Clique na imagem para Baixar Semana de Oração Divisão 2016;https://93cc827c59.cbaul-cdnwnd.com/416a9d9672d9dee926807c75b094dafb/200000578-6c27b6e1ac/Sem%20t%C3%ADtulo.jpg
Clique na imagem para Baixar Semana de Oração 2015;/publicações/semana-de-oração/;paginas/download/semana-de-oracao.md;https://drive.google.com/open?id=0B2sWogup0xGMTFlGSTh0eEd1SjQ;Google Drive;PENDENTE;Divisão 2016 Clique na imagem para Baixar Semana de Oração 2015 Baixar em;https://93cc827c59.cbaul-cdnwnd.com/416a9d9672d9dee926807c75b094dafb/200000064-7fc4580be1/BAIXAR.gif
Semana de Oração 2015 Semana de Oração da Divisão 2015;/publicações/semana-de-oração/;paginas/download/semana-de-oracao.md;http://www.4shared.com/office/aY1X6c8yba/SEMANA_DE_ORAO_DIVISO_2015__IM.html;outro;PENDENTE;Semana de Oração 2015 Baixar em Semana de Oração da Divisão 2015 baixe em;https://93cc827c59.cbaul-cdnwnd.com/416a9d9672d9dee926807c75b094dafb/200000064-7fc4580be1/BAIXAR.gif
Semana de Oração da Divisão 2015 Semana de oração 2014;/publicações/semana-de-oração/;paginas/download/semana-de-oracao.md;http://www.4shared.com/office/ABOQDoDzba/LEITURAS_SEMANA_DE_ORAO_2014.html;outro;PENDENTE;em Semana de Oração da Divisão 2015 baixe em Semana de oração 2014 Baixe em;https://93cc827c59.cbaul-cdnwnd.com/416a9d9672d9dee926807c75b094dafb/200000064-7fc4580be1/BAIXAR.gif
capa semana de oração;/publicações/semana-de-oração/;paginas/download/semana-de-oracao.md;https://93cc827c59.cbaul-cdnwnd.com/416a9d9672d9dee926807c75b094dafb/200001138-dbf6bdbf6e/capa%20semana%20de%20ora%C3%A7%C3%A3o.png;imagem;PENDENTE;Semana de Oração Divisão 2020;
Semana De Oração 2019;/publicações/semana-de-oração/;paginas/download/semana-de-oracao.md;https://93cc827c59.cbaul-cdnwnd.com/416a9d9672d9dee926807c75b094dafb/200000638-090e9090eb/Semana%20De%20Ora%C3%A7%C3%A3o%202019.jpg;imagem;PENDENTE;Semana de Oração Divisão 2020 Semana de Oração 2019;
semana mulher;/publicações/semana-de-oração/;paginas/download/semana-de-oracao.md;https://93cc827c59.cbaul-cdnwnd.com/416a9d9672d9dee926807c75b094dafb/200000633-0e91a0e91c/semana%20mulher.PNG;imagem;PENDENTE;de Oração Divisão 2020 Semana de Oração 2019 Semana de Oração Divisão 2019;
Sem Oracao 2018;/publicações/semana-de-oração/;paginas/download/semana-de-oracao.md;https://93cc827c59.cbaul-cdnwnd.com/416a9d9672d9dee926807c75b094dafb/system_preview_detail_200000622-86be587b83/Sem%20Oracao%202018.jpg;imagem;PENDENTE;de Oração 2019 Semana de Oração Divisão 2019 Semana de Oração Divisão 2018;
Capa 2017;/publicações/semana-de-oração/;paginas/download/semana-de-oracao.md;https://93cc827c59.cbaul-cdnwnd.com/416a9d9672d9dee926807c75b094dafb/system_preview_detail_200000618-1679b1773e/Capa%202017.jpg;imagem;PENDENTE;de Oração Divisão 2018 Clique na imagem para Baixar Semana de Oração 2017;
capa seman de oração;/publicações/semana-de-oração/;paginas/download/semana-de-oracao.md;https://93cc827c59.cbaul-cdnwnd.com/416a9d9672d9dee926807c75b094dafb/200000611-a2503a34a7/capa%20seman%20de%20ora%C3%A7%C3%A3o.png;imagem;PENDENTE;de Oração 2017 Clique na imagem para Baixar Semana de Oração Divisão 2017;
semana de oração;/publicações/semana-de-oração/;paginas/download/semana-de-oracao.md;https://93cc827c59.cbaul-cdnwnd.com/416a9d9672d9dee926807c75b094dafb/system_preview_detail_200000603-01dfa02d9b/semana%20de%20ora%C3%A7%C3%A3o.jpg;imagem;PENDENTE;de Oração Divisão 2017 Clique na imagem para Baixar Semana de Oração 2016;
Sem título;/publicações/semana-de-oração/;paginas/download/semana-de-oracao.md;https://93cc827c59.cbaul-cdnwnd.com/416a9d9672d9dee926807c75b094dafb/200000578-6c27b6e1ac/Sem%20t%C3%ADtulo.jpg;imagem;PENDENTE;de Oração 2016 Clique na imagem para Baixar Semana de Oração Divisão 2016;
semana 15;/publicações/semana-de-oração/;paginas/download/semana-de-oracao.md;https://93cc827c59.cbaul-cdnwnd.com/416a9d9672d9dee926807c75b094dafb/200000564-6fc4871b85/semana%2015.PNG;imagem;PENDENTE;de Oração Divisão 2016 Clique na imagem para Baixar Semana de Oração 2015;
BAIXAR;/publicações/semana-de-oração/;paginas/download/semana-de-oracao.md;https://93cc827c59.cbaul-cdnwnd.com/416a9d9672d9dee926807c75b094dafb/200000064-7fc4580be1/BAIXAR.gif;imagem;PENDENTE;Divisão 2016 Clique na imagem para Baixar Semana de Oração 2015 Baixar em;
Capa semana de oração - 2015 divisão;/publicações/semana-de-oração/;paginas/download/semana-de-oracao.md;https://93cc827c59.cbaul-cdnwnd.com/416a9d9672d9dee926807c75b094dafb/200000556-6a0076bf36/Capa%20semana%20de%20ora%C3%A7%C3%A3o%20-%202015%20divis%C3%A3o.jpg;imagem;PENDENTE;para Baixar Semana de Oração 2015 Baixar em Semana de Oração da Divisão 2015;
menor;/publicações/semana-de-oração/;paginas/download/semana-de-oracao.md;https://93cc827c59.cbaul-cdnwnd.com/416a9d9672d9dee926807c75b094dafb/200000525-58ec85ae04/menor.PNG;imagem;PENDENTE;2015 Baixar em Semana de Oração da Divisão 2015 baixe em Semana de oração 2014;
Trabalhos realizados Bom Samaritano (rio de janeiro);/departamento/bom-samaritano/;paginas/departamentos/bom-samaritano.md;https://www.youtube.com/watch?v=ZO8egnP1OQw&list=LLwY22LFm0pevfEMsEVxICMw&index=6&t=0s;YouTube;PENDENTE;Trabalhos realizados Bom Samaritano;https://93cc827c59.cbaul-cdnwnd.com/416a9d9672d9dee926807c75b094dafb/system_preview_detail_200001108-0638b0638d/rio%20de%20janeiro.PNG
Trabalhos realizados Bom Samaritano (sao paulo);/departamento/bom-samaritano/;paginas/departamentos/bom-samaritano.md;https://www.youtube.com/watch?v=l0_tX9icK64&list=LLwY22LFm0pevfEMsEVxICMw&index=31;YouTube;PENDENTE;Trabalhos realizados Bom Samaritano;https://93cc827c59.cbaul-cdnwnd.com/416a9d9672d9dee926807c75b094dafb/system_preview_detail_200001109-33f4e33f51/sao%20paulo.PNG
rio de janeiro;/departamento/bom-samaritano/;paginas/departamentos/bom-samaritano.md;https://93cc827c59.cbaul-cdnwnd.com/416a9d9672d9dee926807c75b094dafb/system_preview_detail_200001108-0638b0638d/rio%20de%20janeiro.PNG;imagem;PENDENTE;Trabalhos realizados Bom Samaritano;
sao paulo;/departamento/bom-samaritano/;paginas/departamentos/bom-samaritano.md;https://93cc827c59.cbaul-cdnwnd.com/416a9d9672d9dee926807c75b094dafb/system_preview_detail_200001109-33f4e33f51/sao%20paulo.PNG;imagem;PENDENTE;Trabalhos realizados Bom Samaritano;
/album/galeria-de-fotos-bom-samaritano/whatsapp-image-2020-03-03-at-17-33-51-1-jpeg/;/departamento/bom-samaritano/;paginas/departamentos/bom-samaritano.md;https://93cc827c59.cbaul-cdnwnd.com/416a9d9672d9dee926807c75b094dafb/system_preview_small_200001004-3b14d3b14f-public/WhatsApp%20Image%202020-03-03%20at%2017.33.51%20%281%29.jpeg;imagem;PENDENTE;Igreja Rio de Janeiro São paulo Trabalho Bom Samaritano na Paraiba e em Manaus;
/album/galeria-de-fotos-bom-samaritano/whatsapp-image-2020-03-03-at-17-33-51-jpeg/;/departamento/bom-samaritano/;paginas/departamentos/bom-samaritano.md;https://93cc827c59.cbaul-cdnwnd.com/416a9d9672d9dee926807c75b094dafb/system_preview_small_200001005-ef031ef033-public/WhatsApp%20Image%202020-03-03%20at%2017.33.51.jpeg;imagem;PENDENTE;Igreja Rio de Janeiro São paulo Trabalho Bom Samaritano na Paraiba e em Manaus;
/album/galeria-de-fotos-bom-samaritano/whatsapp-image-2020-03-03-at-17-33-54-jpeg/;/departamento/bom-samaritano/;paginas/departamentos/bom-samaritano.md;https://93cc827c59.cbaul-cdnwnd.com/416a9d9672d9dee926807c75b094dafb/system_preview_small_200001006-b797eb797f-public/WhatsApp%20Image%202020-03-03%20at%2017.33.54.jpeg;imagem;PENDENTE;Igreja Rio de Janeiro São paulo Trabalho Bom Samaritano na Paraiba e em Manaus;
/album/galeria-de-fotos-bom-samaritano/whatsapp-image-2020-03-03-at-17-33-55-1-jpeg/;/departamento/bom-samaritano/;paginas/departamentos/bom-samaritano.md;https://93cc827c59.cbaul-cdnwnd.com/416a9d9672d9dee926807c75b094dafb/system_preview_small_200001007-db0a4db0a6-public/WhatsApp%20Image%202020-03-03%20at%2017.33.55%20%281%29.jpeg;imagem;PENDENTE;Igreja Rio de Janeiro São paulo Trabalho Bom Samaritano na Paraiba e em Manaus;
/album/galeria-de-fotos-bom-samaritano/whatsapp-image-2020-03-03-at-17-33-55-2-jpeg/;/departamento/bom-samaritano/;paginas/departamentos/bom-samaritano.md;https://93cc827c59.cbaul-cdnwnd.com/416a9d9672d9dee926807c75b094dafb/system_preview_small_200001008-d0507d0508-public/WhatsApp%20Image%202020-03-03%20at%2017.33.55%20%282%29.jpeg;imagem;PENDENTE;Igreja Rio de Janeiro São paulo Trabalho Bom Samaritano na Paraiba e em Manaus;
/album/galeria-de-fotos-bom-samaritano/whatsapp-image-2020-03-03-at-17-33-55-3-jpeg/;/departamento/bom-samaritano/;paginas/departamentos/bom-samaritano.md;https://93cc827c59.cbaul-cdnwnd.com/416a9d9672d9dee926807c75b094dafb/system_preview_small_200001009-ecd5cecd5e-public/WhatsApp%20Image%202020-03-03%20at%2017.33.55%20%283%29.jpeg;imagem;PENDENTE;Igreja Rio de Janeiro São paulo Trabalho Bom Samaritano na Paraiba e em Manaus;
/album/galeria-de-fotos-bom-samaritano/whatsapp-image-2020-03-03-at-17-33-55-4-jpeg/;/departamento/bom-samaritano/;paginas/departamentos/bom-samaritano.md;https://93cc827c59.cbaul-cdnwnd.com/416a9d9672d9dee926807c75b094dafb/system_preview_small_200001010-ec6adec6ae-public/WhatsApp%20Image%202020-03-03%20at%2017.33.55%20%284%29.jpeg;imagem;PENDENTE;Igreja Rio de Janeiro São paulo Trabalho Bom Samaritano na Paraiba e em Manaus;
/album/galeria-de-fotos-bom-samaritano/whatsapp-image-2020-03-03-at-17-33-55-jpeg/;/departamento/bom-samaritano/;paginas/departamentos/bom-samaritano.md;https://93cc827c59.cbaul-cdnwnd.com/416a9d9672d9dee926807c75b094dafb/system_preview_small_200001011-d17a0d17a1-public/WhatsApp%20Image%202020-03-03%20at%2017.33.55.jpeg;imagem;PENDENTE;Igreja Rio de Janeiro São paulo Trabalho Bom Samaritano na Paraiba e em Manaus;
/album/galeria-de-fotos-bom-samaritano/whatsapp-image-2020-03-03-at-17-33-56-1-jpeg/;/departamento/bom-samaritano/;paginas/departamentos/bom-samaritano.md;https://93cc827c59.cbaul-cdnwnd.com/416a9d9672d9dee926807c75b094dafb/system_preview_small_200001012-d11d4d11d5-public/WhatsApp%20Image%202020-03-03%20at%2017.33.56%20%281%29.jpeg;imagem;PENDENTE;Igreja Rio de Janeiro São paulo Trabalho Bom Samaritano na Paraiba e em Manaus;
/album/galeria-de-fotos-bom-samaritano/whatsapp-image-2020-03-03-at-17-33-56-2-jpeg/;/departamento/bom-samaritano/;paginas/departamentos/bom-samaritano.md;https://93cc827c59.cbaul-cdnwnd.com/416a9d9672d9dee926807c75b094dafb/system_preview_small_200001013-1fd581fd5a-public/WhatsApp%20Image%202020-03-03%20at%2017.33.56%20%282%29.jpeg;imagem;PENDENTE;Igreja Rio de Janeiro São paulo Trabalho Bom Samaritano na Paraiba e em Manaus;
/album/galeria-de-fotos-bom-samaritano/whatsapp-image-2020-03-03-at-17-33-56-3-jpeg/;/departamento/bom-samaritano/;paginas/departamentos/bom-samaritano.md;https://93cc827c59.cbaul-cdnwnd.com/416a9d9672d9dee926807c75b094dafb/system_preview_small_200001014-d4ed2d4ed4-public/WhatsApp%20Image%202020-03-03%20at%2017.33.56%20%283%29.jpeg;imagem;PENDENTE;Igreja Rio de Janeiro São paulo Trabalho Bom Samaritano na Paraiba e em Manaus;
/album/galeria-de-fotos-bom-samaritano/whatsapp-image-2020-03-03-at-17-33-56-jpeg/;/departamento/bom-samaritano/;paginas/departamentos/bom-samaritano.md;https://93cc827c59.cbaul-cdnwnd.com/416a9d9672d9dee926807c75b094dafb/system_preview_small_200001015-d55a2d55a4-public/WhatsApp%20Image%202020-03-03%20at%2017.33.56.jpeg;imagem;PENDENTE;Igreja Rio de Janeiro São paulo Trabalho Bom Samaritano na Paraiba e em Manaus;
/album/galeria-de-fotos-bom-samaritano/whatsapp-image-2020-03-03-at-17-33-57-1-jpeg/;/departamento/bom-samaritano/;paginas/departamentos/bom-samaritano.md;https://93cc827c59.cbaul-cdnwnd.com/416a9d9672d9dee926807c75b094dafb/system_preview_small_200001016-c875fc8760-public/WhatsApp%20Image%202020-03-03%20at%2017.33.57%20%281%29.jpeg;imagem;PENDENTE;Igreja Rio de Janeiro São paulo Trabalho Bom Samaritano na Paraiba e em Manaus;
/album/galeria-de-fotos-bom-samaritano/whatsapp-image-2020-03-03-at-17-33-57-2-jpeg/;/departamento/bom-samaritano/;paginas/departamentos/bom-samaritano.md;https://93cc827c59.cbaul-cdnwnd.com/416a9d9672d9dee926807c75b094dafb/system_preview_small_200001017-c9ee4c9ee6-public/WhatsApp%20Image%202020-03-03%20at%2017.33.57%20%282%29.jpeg;imagem;PENDENTE;Igreja Rio de Janeiro São paulo Trabalho Bom Samaritano na Paraiba e em Manaus;
/album/galeria-de-fotos-bom-samaritano/whatsapp-image-2020-03-03-at-17-33-57-jpeg/;/departamento/bom-samaritano/;paginas/departamentos/bom-samaritano.md;https://93cc827c59.cbaul-cdnwnd.com/416a9d9672d9dee926807c75b094dafb/system_preview_small_200001018-c74c0c74c1-public/WhatsApp%20Image%202020-03-03%20at%2017.33.57.jpeg;imagem;PENDENTE;Igreja Rio de Janeiro São paulo Trabalho Bom Samaritano na Paraiba e em Manaus;
/album/galeria-de-fotos-bom-samaritano/whatsapp-image-2020-03-03-at-17-33-58-1-jpeg/;/departamento/bom-samaritano/;paginas/departamentos/bom-samaritano.md;https://93cc827c59.cbaul-cdnwnd.com/416a9d9672d9dee926807c75b094dafb/system_preview_small_200001019-d594ed5950-public/WhatsApp%20Image%202020-03-03%20at%2017.33.58%20%281%29.jpeg;imagem;PENDENTE;Igreja Rio de Janeiro São paulo Trabalho Bom Samaritano na Paraiba e em Manaus;
/album/galeria-de-fotos-bom-samaritano/whatsapp-image-2020-03-03-at-17-33-58-2-jpeg/;/departamento/bom-samaritano/;paginas/departamentos/bom-samaritano.md;https://93cc827c59.cbaul-cdnwnd.com/416a9d9672d9dee926807c75b094dafb/system_preview_small_200001020-d6d57d6d59-public/WhatsApp%20Image%202020-03-03%20at%2017.33.58%20%282%29.jpeg;imagem;PENDENTE;Igreja Rio de Janeiro São paulo Trabalho Bom Samaritano na Paraiba e em Manaus;
/album/galeria-de-fotos-bom-samaritano/whatsapp-image-2020-03-03-at-17-33-58-jpeg/;/departamento/bom-samaritano/;paginas/departamentos/bom-samaritano.md;https://93cc827c59.cbaul-cdnwnd.com/416a9d9672d9dee926807c75b094dafb/system_preview_small_200001021-dd7fbdd7fd-public/WhatsApp%20Image%202020-03-03%20at%2017.33.58.jpeg;imagem;PENDENTE;Igreja Rio de Janeiro São paulo Trabalho Bom Samaritano na Paraiba e em Manaus;
/album/galeria-de-fotos-bom-samaritano/whatsapp-image-2020-03-04-at-14-28-26-jpeg/;/departamento/bom-samaritano/;paginas/departamentos/bom-samaritano.md;https://93cc827c59.cbaul-cdnwnd.com/416a9d9672d9dee926807c75b094dafb/system_preview_small_200001022-d97ecd97ee-public/WhatsApp%20Image%202020-03-04%20at%2014.28.26.jpeg;imagem;PENDENTE;Igreja Rio de Janeiro São paulo Trabalho Bom Samaritano na Paraiba e em Manaus;
/album/galeria-de-fotos-bom-samaritano/whatsapp-image-2020-03-04-at-14-28-27-1-jpeg/;/departamento/bom-samaritano/;paginas/departamentos/bom-samaritano.md;https://93cc827c59.cbaul-cdnwnd.com/416a9d9672d9dee926807c75b094dafb/system_preview_small_200001023-ca1a8ca1aa-public/WhatsApp%20Image%202020-03-04%20at%2014.28.27%20%281%29.jpeg;imagem;PENDENTE;Igreja Rio de Janeiro São paulo Trabalho Bom Samaritano na Paraiba e em Manaus;
Captura de tela 2022-07-05 101103;/departamento/literario/;paginas/departamentos/literario.md;https://93cc827c59.cbaul-cdnwnd.com/416a9d9672d9dee926807c75b094dafb/200001153-0325003253/Captura%20de%20tela%202022-07-05%20101103.png;imagem;PENDENTE;Literário Livro Divórcio e novo Casamento;
Captura de tela 2022-07-05 114736;/departamento/literario/;paginas/departamentos/literario.md;https://93cc827c59.cbaul-cdnwnd.com/416a9d9672d9dee926807c75b094dafb/200001154-d7911d7914/Captura%20de%20tela%202022-07-05%20114736.png;imagem;PENDENTE;Literário Livro Divórcio e novo Casamento Valor na promoção: 50,00 reais;
(link sem texto visível no site) Testemunhos ELLEN G.WHITE;/diversos/testemunhos-ellen-g-white/;paginas/diversos/diversos/testemunhos-ellen-g-white.md;https://drive.google.com/open?id=0B2sWogup0xGMaGZ3Nld3WTctYWs;Google Drive;PENDENTE;Testemunhos ELLEN G.WHITE •;
• A Fé Pela Qual Eu Vivo;/diversos/testemunhos-ellen-g-white/;paginas/diversos/diversos/testemunhos-ellen-g-white.md;https://drive.google.com/open?id=0B2sWogup0xGMZ1ZiMnpUc19fOUE;Google Drive;PENDENTE;Testemunhos ELLEN G.WHITE • A Ciência do Bom Viver;
• A Igreja Remanescente;/diversos/testemunhos-ellen-g-white/;paginas/diversos/diversos/testemunhos-ellen-g-white.md;https://drive.google.com/open?id=0B2sWogup0xGMVm8tRDU0WVp4QnM;Google Drive;PENDENTE;Testemunhos ELLEN G.WHITE • A Ciência do Bom Viver • A Fé Pela Qual Eu Vivo;
• A Verdade Sobre os Anjos;/diversos/testemunhos-ellen-g-white/;paginas/diversos/diversos/testemunhos-ellen-g-white.md;https://drive.google.com/open?id=0B2sWogup0xGMZl9qRmVlMDhkYU0;Google Drive;PENDENTE;• A Ciência do Bom Viver • A Fé Pela Qual Eu Vivo • A Igreja Remanescente;
• Atos dos Apóstolos;/diversos/testemunhos-ellen-g-white/;paginas/diversos/diversos/testemunhos-ellen-g-white.md;https://drive.google.com/open?id=0B2sWogup0xGMaWljaGpKVUw1T2c;Google Drive;PENDENTE;• A Fé Pela Qual Eu Vivo • A Igreja Remanescente • A Verdade Sobre os Anjos;
• Beneficência Social;/diversos/testemunhos-ellen-g-white/;paginas/diversos/diversos/testemunhos-ellen-g-white.md;https://drive.google.com/open?id=0B2sWogup0xGMVjhEQTF0WFQxS0U;Google Drive;PENDENTE;Eu Vivo • A Igreja Remanescente • A Verdade Sobre os Anjos • Atos dos Apóstolos;
• Caminho a Cristo;/diversos/testemunhos-ellen-g-white/;paginas/diversos/diversos/testemunhos-ellen-g-white.md;https://drive.google.com/open?id=0B2sWogup0xGMOXg2T1pFaGFDLWc;Google Drive;PENDENTE;• A Verdade Sobre os Anjos • Atos dos Apóstolos • Beneficência Social;
• Cartas a Jovens Namorados;/diversos/testemunhos-ellen-g-white/;paginas/diversos/diversos/testemunhos-ellen-g-white.md;https://drive.google.com/open?id=0B2sWogup0xGMSThUWk1MNndLSkU;Google Drive;PENDENTE;Sobre os Anjos • Atos dos Apóstolos • Beneficência Social • Caminho a Cristo;
• Conselhos aos Idosos;/diversos/testemunhos-ellen-g-white/;paginas/diversos/diversos/testemunhos-ellen-g-white.md;https://drive.google.com/open?id=0B2sWogup0xGMZUVuLS1fSWNlaE0;Google Drive;PENDENTE;Apóstolos • Beneficência Social • Caminho a Cristo • Cartas a Jovens Namorados;
• Conselhos aos Pais, Professores e Estudantes;/diversos/testemunhos-ellen-g-white/;paginas/diversos/diversos/testemunhos-ellen-g-white.md;https://drive.google.com/open?id=0B2sWogup0xGMUTFUTm5MZkVKRVk;Google Drive;PENDENTE;Social • Caminho a Cristo • Cartas a Jovens Namorados • Conselhos aos Idosos;
• Conselhos para a Igreja;/diversos/testemunhos-ellen-g-white/;paginas/diversos/diversos/testemunhos-ellen-g-white.md;https://drive.google.com/open?id=0B2sWogup0xGMYzNudVEzdzFmTlU;Google Drive;PENDENTE;Namorados • Conselhos aos Idosos • Conselhos aos Pais, Professores e Estudantes;
• Conselhos Sobre a Escola Sabatina;/diversos/testemunhos-ellen-g-white/;paginas/diversos/diversos/testemunhos-ellen-g-white.md;https://drive.google.com/open?id=0B2sWogup0xGMUjBOZ1d4eGRjanM;Google Drive;PENDENTE;Idosos • Conselhos aos Pais, Professores e Estudantes • Conselhos para a Igreja;
• Conselhos Sobre Educação;/diversos/testemunhos-ellen-g-white/;paginas/diversos/diversos/testemunhos-ellen-g-white.md;https://drive.google.com/open?id=0B2sWogup0xGMNGZhZlZRNGJlR3M;Google Drive;PENDENTE;e Estudantes • Conselhos para a Igreja • Conselhos Sobre a Escola Sabatina;
• Conselhos Sobre Mordomia;/diversos/testemunhos-ellen-g-white/;paginas/diversos/diversos/testemunhos-ellen-g-white.md;https://drive.google.com/open?id=0B2sWogup0xGMbUtpcU9INzRQTUk;Google Drive;PENDENTE;para a Igreja • Conselhos Sobre a Escola Sabatina • Conselhos Sobre Educação;
• Conselhos Sobre o Regime Alimentar;/diversos/testemunhos-ellen-g-white/;paginas/diversos/diversos/testemunhos-ellen-g-white.md;https://drive.google.com/open?id=0B2sWogup0xGMd0lUbU16OHB2TjA;Google Drive;PENDENTE;Sobre a Escola Sabatina • Conselhos Sobre Educação • Conselhos Sobre Mordomia;
• Conselhos Sobre Saúde;/diversos/testemunhos-ellen-g-white/;paginas/diversos/diversos/testemunhos-ellen-g-white.md;https://drive.google.com/open?id=0B2sWogup0xGMcEJqeTdKc2xDbm8;Google Drive;PENDENTE;Sobre Educação • Conselhos Sobre Mordomia • Conselhos Sobre o Regime Alimentar;
• Cristo Em Seu Santuário;/diversos/testemunhos-ellen-g-white/;paginas/diversos/diversos/testemunhos-ellen-g-white.md;https://drive.google.com/open?id=0B2sWogup0xGMUENXY1I2cU5wbFU;Google Drive;PENDENTE;Sobre Mordomia • Conselhos Sobre o Regime Alimentar • Conselhos Sobre Saúde;
• Cristo Triunfante;/diversos/testemunhos-ellen-g-white/;paginas/diversos/diversos/testemunhos-ellen-g-white.md;https://drive.google.com/open?id=0B2sWogup0xGMYnZNbjdMaEwxX0E;Google Drive;PENDENTE;Sobre o Regime Alimentar • Conselhos Sobre Saúde • Cristo Em Seu Santuário;
• Cuidado de Deus;/diversos/testemunhos-ellen-g-white/;paginas/diversos/diversos/testemunhos-ellen-g-white.md;https://drive.google.com/open?id=0B2sWogup0xGMRHRRWVROWENKM2c;Google Drive;PENDENTE;Alimentar • Conselhos Sobre Saúde • Cristo Em Seu Santuário • Cristo Triunfante;
• E Recebereis Poder;/diversos/testemunhos-ellen-g-white/;paginas/diversos/diversos/testemunhos-ellen-g-white.md;https://drive.google.com/open?id=0B2sWogup0xGMbVc4WXNoTXZEQ2c;Google Drive;PENDENTE;Sobre Saúde • Cristo Em Seu Santuário • Cristo Triunfante • Cuidado de Deus;
• Educação;/diversos/testemunhos-ellen-g-white/;paginas/diversos/diversos/testemunhos-ellen-g-white.md;https://drive.google.com/open?id=0B2sWogup0xGMY3AxSXRrV0Q2bDA;Google Drive;PENDENTE;Em Seu Santuário • Cristo Triunfante • Cuidado de Deus • E Recebereis Poder;
• Este Dia Com Deus;/diversos/testemunhos-ellen-g-white/;paginas/diversos/diversos/testemunhos-ellen-g-white.md;https://drive.google.com/open?id=0B2sWogup0xGMLUdJN09NX0JlMTA;Google Drive;PENDENTE;Santuário • Cristo Triunfante • Cuidado de Deus • E Recebereis Poder • Educação;
• Evangelismo;/diversos/testemunhos-ellen-g-white/;paginas/diversos/diversos/testemunhos-ellen-g-white.md;https://drive.google.com/open?id=0B2sWogup0xGMSnMzLXYyVTVtM3c;Google Drive;PENDENTE;• Cuidado de Deus • E Recebereis Poder • Educação • Este Dia Com Deus;
• Eventos Finais;/diversos/testemunhos-ellen-g-white/;paginas/diversos/diversos/testemunhos-ellen-g-white.md;https://drive.google.com/open?id=0B2sWogup0xGMNFc3eUlBX1lfS1U;Google Drive;PENDENTE;de Deus • E Recebereis Poder • Educação • Este Dia Com Deus • Evangelismo;
• Exaltai-O;/diversos/testemunhos-ellen-g-white/;paginas/diversos/diversos/testemunhos-ellen-g-white.md;https://drive.google.com/open?id=0B2sWogup0xGMTGVfUml1Tktsd3c;Google Drive;PENDENTE;Recebereis Poder • Educação • Este Dia Com Deus • Evangelismo • Eventos Finais;
• Fé e Obras;/diversos/testemunhos-ellen-g-white/;paginas/diversos/diversos/testemunhos-ellen-g-white.md;https://drive.google.com/open?id=0B2sWogup0xGMeFJoeTBmSXFrdU0;Google Drive;PENDENTE;Poder • Educação • Este Dia Com Deus • Evangelismo • Eventos Finais • Exaltai-O;
• Fundamentos da Educação Cristã;/diversos/testemunhos-ellen-g-white/;paginas/diversos/diversos/testemunhos-ellen-g-white.md;https://drive.google.com/open?id=0B2sWogup0xGMc0d4Q3FEaFpqODg;Google Drive;PENDENTE;Evangelismo • Eventos Finais • Exaltai-O • Fé e Obras • Filhos e Filhas de Deus;
• História da Redenção;/diversos/testemunhos-ellen-g-white/;paginas/diversos/diversos/testemunhos-ellen-g-white.md;https://drive.google.com/open?id=0B2sWogup0xGMclJHRVIyRFNrb2M;Google Drive;PENDENTE;e Filhas de Deus • Fundamentos da Educação Cristã • Fundamentos do Lar Cristão;
• Maranata O Senhor Vem;/diversos/testemunhos-ellen-g-white/;paginas/diversos/diversos/testemunhos-ellen-g-white.md;https://drive.google.com/open?id=0B2sWogup0xGMblpQSks1bnA1aW8;Google Drive;PENDENTE;Cristã • Fundamentos do Lar Cristão • História da Redenção • Liderança Cristã;
• Maravilhosa Graça;/diversos/testemunhos-ellen-g-white/;paginas/diversos/diversos/testemunhos-ellen-g-white.md;https://drive.google.com/open?id=0B2sWogup0xGMUmlvdXVDRGE1eWs;Google Drive;PENDENTE;Lar Cristão • História da Redenção • Liderança Cristã • Maranata O Senhor Vem;
• Medicina e Salvação;/diversos/testemunhos-ellen-g-white/;paginas/diversos/diversos/testemunhos-ellen-g-white.md;https://drive.google.com/open?id=0B2sWogup0xGMUjlETS1EcEQxRVU;Google Drive;PENDENTE;da Redenção • Liderança Cristã • Maranata O Senhor Vem • Maravilhosa Graça;
• Mensageiros da Esperança;/diversos/testemunhos-ellen-g-white/;paginas/diversos/diversos/testemunhos-ellen-g-white.md;https://drive.google.com/open?id=0B2sWogup0xGMWU9yMVA3dUtKYTA;Google Drive;PENDENTE;Cristã • Maranata O Senhor Vem • Maravilhosa Graça • Medicina e Salvação;
• Mensagens Escolhidas – Vol. 1;/diversos/testemunhos-ellen-g-white/;paginas/diversos/diversos/testemunhos-ellen-g-white.md;https://drive.google.com/open?id=0B2sWogup0xGMWWtRcllLMjM2QzQ;Google Drive;PENDENTE;Graça • Medicina e Salvação • Mensageiros da Esperança • Mensagens aos Jovens;
• Mensagens Escolhidas – Vol. 3;/diversos/testemunhos-ellen-g-white/;paginas/diversos/diversos/testemunhos-ellen-g-white.md;https://drive.google.com/open?id=0B2sWogup0xGMRUNUalkzYmdNTnc;Google Drive;PENDENTE;aos Jovens • Mensagens Escolhidas – Vol. 1 • Mensagens Escolhidas – Vol. 2;
• Mente, Caráter e Personalidade – Vol. 1;/diversos/testemunhos-ellen-g-white/;paginas/diversos/diversos/testemunhos-ellen-g-white.md;https://drive.google.com/open?id=0B2sWogup0xGMbVVNUE5VeS0tWjA;Google Drive;PENDENTE;– Vol. 1 • Mensagens Escolhidas – Vol. 2 • Mensagens Escolhidas – Vol. 3;
• Minha Consagração Hoje;/diversos/testemunhos-ellen-g-white/;paginas/diversos/diversos/testemunhos-ellen-g-white.md;https://drive.google.com/open?id=0B2sWogup0xGMN0FMOTF2Uy1ZTlE;Google Drive;PENDENTE;Caráter e Personalidade – Vol. 1 • Mente, Caráter e Personalidade – Vol. 2;
• Música: Sua Influência na Vida do Cristão;/diversos/testemunhos-ellen-g-white/;paginas/diversos/diversos/testemunhos-ellen-g-white.md;https://drive.google.com/open?id=0B2sWogup0xGMS1BtTm9xTXliTDg;Google Drive;PENDENTE;– Vol. 1 • Mente, Caráter e Personalidade – Vol. 2 • Minha Consagração Hoje;
• Nossa Alta Vocação;/diversos/testemunhos-ellen-g-white/;paginas/diversos/diversos/testemunhos-ellen-g-white.md;https://drive.google.com/open?id=0B2sWogup0xGMNkJ5aGhSZkFFRHM;Google Drive;PENDENTE;Influência na Vida do Cristão • No Deserto da Tentação • Nos Lugares Celestiais;
• O Colportor Evangelista;/diversos/testemunhos-ellen-g-white/;paginas/diversos/diversos/testemunhos-ellen-g-white.md;https://drive.google.com/open?id=0B2sWogup0xGMXzctS1RBa3pKRDQ;Google Drive;PENDENTE;Cristão • No Deserto da Tentação • Nos Lugares Celestiais • Nossa Alta Vocação;
• O Desejado de Todas as Nações;/diversos/testemunhos-ellen-g-white/;paginas/diversos/diversos/testemunhos-ellen-g-white.md;https://drive.google.com/open?id=0B2sWogup0xGMLUVFdEN4M085UUk;Google Drive;PENDENTE;• Nos Lugares Celestiais • Nossa Alta Vocação • O Colportor Evangelista;
• O Lar Adventista;/diversos/testemunhos-ellen-g-white/;paginas/diversos/diversos/testemunhos-ellen-g-white.md;https://drive.google.com/open?id=0B2sWogup0xGMdHhBeUtxTWRHYWc;Google Drive;PENDENTE;• O Colportor Evangelista • O Desejado de Todas as Nações • O Grande Conflito;
• O Maior Discurso de Cristo;/diversos/testemunhos-ellen-g-white/;paginas/diversos/diversos/testemunhos-ellen-g-white.md;https://drive.google.com/open?id=0B2sWogup0xGMcndjSXFUY09LUjA;Google Drive;PENDENTE;• O Desejado de Todas as Nações • O Grande Conflito • O Lar Adventista;
• O Outro Poder;/diversos/testemunhos-ellen-g-white/;paginas/diversos/diversos/testemunhos-ellen-g-white.md;https://drive.google.com/open?id=0B2sWogup0xGMVVBfNWRHWFVHT0k;Google Drive;PENDENTE;as Nações • O Grande Conflito • O Lar Adventista • O Maior Discurso de Cristo;
• Olhando Para o Alto;/diversos/testemunhos-ellen-g-white/;paginas/diversos/diversos/testemunhos-ellen-g-white.md;https://drive.google.com/open?id=0B2sWogup0xGMSmoxYTUydkdfaE0;Google Drive;PENDENTE;Adventista • O Maior Discurso de Cristo • O Outro Poder • Obreiros Evangélicos;
• Orientação da Criança;/diversos/testemunhos-ellen-g-white/;paginas/diversos/diversos/testemunhos-ellen-g-white.md;https://drive.google.com/open?id=0B2sWogup0xGMNDBGQ2dJQy1SZ28;Google Drive;PENDENTE;Discurso de Cristo • O Outro Poder • Obreiros Evangélicos • Olhando Para o Alto;
• Para Conhecê-Lo;/diversos/testemunhos-ellen-g-white/;paginas/diversos/diversos/testemunhos-ellen-g-white.md;https://drive.google.com/open?id=0B2sWogup0xGMZzJDSHRra3h1ZG8;Google Drive;PENDENTE;Poder • Obreiros Evangélicos • Olhando Para o Alto • Orientação da Criança;
• Parábolas de Jesus;/diversos/testemunhos-ellen-g-white/;paginas/diversos/diversos/testemunhos-ellen-g-white.md;https://drive.google.com/open?id=0B2sWogup0xGMZGdqbEFRN1BYWkE;Google Drive;PENDENTE;Evangélicos • Olhando Para o Alto • Orientação da Criança • Para Conhecê-Lo;
• Profetas e Reis;/diversos/testemunhos-ellen-g-white/;paginas/diversos/diversos/testemunhos-ellen-g-white.md;https://drive.google.com/open?id=0B2sWogup0xGMdEstYXJsVDdQVHM;Google Drive;PENDENTE;Conhecê-Lo • Parábolas de Jesus • Patriarcas e Profetas • Primeiros Escritos;
• Reavivamento e Seus Resultados;/diversos/testemunhos-ellen-g-white/;paginas/diversos/diversos/testemunhos-ellen-g-white.md;https://drive.google.com/open?id=0B2sWogup0xGMd0wzNW5wZ1dkbTQ;Google Drive;PENDENTE;de Jesus • Patriarcas e Profetas • Primeiros Escritos • Profetas e Reis;
• Reavivamento Verdadeiro;/diversos/testemunhos-ellen-g-white/;paginas/diversos/diversos/testemunhos-ellen-g-white.md;https://drive.google.com/open?id=0B2sWogup0xGMOEoycTJfNVRaTU0;Google Drive;PENDENTE;• Primeiros Escritos • Profetas e Reis • Reavivamento e Seus Resultados;
• Refletindo a Cristo;/diversos/testemunhos-ellen-g-white/;paginas/diversos/diversos/testemunhos-ellen-g-white.md;https://drive.google.com/open?id=0B2sWogup0xGMU0tkM0luWDRTSEE;Google Drive;PENDENTE;• Profetas e Reis • Reavivamento e Seus Resultados • Reavivamento Verdadeiro;
• Santificação;/diversos/testemunhos-ellen-g-white/;paginas/diversos/diversos/testemunhos-ellen-g-white.md;https://drive.google.com/open?id=0B2sWogup0xGMVlR1M1pZRkw2Zmc;Google Drive;PENDENTE;Reavivamento e Seus Resultados • Reavivamento Verdadeiro • Refletindo a Cristo;
• Serviço Cristão;/diversos/testemunhos-ellen-g-white/;paginas/diversos/diversos/testemunhos-ellen-g-white.md;https://drive.google.com/open?id=0B2sWogup0xGMRDVvTEQ3WFJYQms;Google Drive;PENDENTE;Seus Resultados • Reavivamento Verdadeiro • Refletindo a Cristo • Santificação;
• Só para Jovens;/diversos/testemunhos-ellen-g-white/;paginas/diversos/diversos/testemunhos-ellen-g-white.md;https://drive.google.com/open?id=0B2sWogup0xGMRXF1T1A4d3pnVU0;Google Drive;PENDENTE;Reavivamento Verdadeiro • Refletindo a Cristo • Santificação • Serviço Cristão;
• Temperança;/diversos/testemunhos-ellen-g-white/;paginas/diversos/diversos/testemunhos-ellen-g-white.md;https://drive.google.com/open?id=0B2sWogup0xGMaXRwY0Z6czUtSm8;Google Drive;PENDENTE;• Refletindo a Cristo • Santificação • Serviço Cristão • Só para Jovens;
• T1 – Testemunhos para a Igreja 1;/diversos/testemunhos-ellen-g-white/;paginas/diversos/diversos/testemunhos-ellen-g-white.md;https://drive.google.com/open?id=0B2sWogup0xGMbnRhRW9xTlNNc2M;Google Drive;PENDENTE;a Cristo • Santificação • Serviço Cristão • Só para Jovens • Temperança;
• T2 – Testemunhos para a Igreja 2;/diversos/testemunhos-ellen-g-white/;paginas/diversos/diversos/testemunhos-ellen-g-white.md;https://drive.google.com/open?id=0B2sWogup0xGMeHJBeGxUWUw3Snc;Google Drive;PENDENTE;Cristão • Só para Jovens • Temperança • T1 – Testemunhos para a Igreja 1;
• T5 – Testemunhos para a Igreja 5;/diversos/testemunhos-ellen-g-white/;paginas/diversos/diversos/testemunhos-ellen-g-white.md;https://drive.google.com/open?id=0B2sWogup0xGMSENyQmRpODFEaUk;Google Drive;PENDENTE;Igreja 2 • T3 – Testemunhos para a Igreja 3 • T4 – Testemunhos para a Igreja 4;
• T6 – Testemunhos para a Igreja 6;/diversos/testemunhos-ellen-g-white/;paginas/diversos/diversos/testemunhos-ellen-g-white.md;https://drive.google.com/open?id=0B2sWogup0xGMOWRhXzZEYW8yMDA;Google Drive;PENDENTE;Igreja 3 • T4 – Testemunhos para a Igreja 4 • T5 – Testemunhos para a Igreja 5;
• T7 – Testemunhos para a Igreja 7;/diversos/testemunhos-ellen-g-white/;paginas/diversos/diversos/testemunhos-ellen-g-white.md;https://drive.google.com/open?id=0B2sWogup0xGMRFlUeDhoVENjbzQ;Google Drive;PENDENTE;Igreja 4 • T5 – Testemunhos para a Igreja 5 • T6 – Testemunhos para a Igreja 6;
• T8 – Testemunhos para a Igreja 8;/diversos/testemunhos-ellen-g-white/;paginas/diversos/diversos/testemunhos-ellen-g-white.md;https://drive.google.com/open?id=0B2sWogup0xGMV0M5SGNxd3ZZYlE;Google Drive;PENDENTE;Igreja 5 • T6 – Testemunhos para a Igreja 6 • T7 – Testemunhos para a Igreja 7;
• Testemunhos para Ministros e Obreiros Evangélicos;/diversos/testemunhos-ellen-g-white/;paginas/diversos/diversos/testemunhos-ellen-g-white.md;https://drive.google.com/open?id=0B2sWogup0xGMSFNKem5tcnFlZmc;Google Drive;PENDENTE;para a Igreja 9 • Testemunhos Sobre Conduta Sexual, Adultério e Divórcio;
• Testemunhos Seletos – Vol. 1;/diversos/testemunhos-ellen-g-white/;paginas/diversos/diversos/testemunhos-ellen-g-white.md;https://drive.google.com/open?id=0B2sWogup0xGMZldMN195bnNZd0E;Google Drive;PENDENTE;Adultério e Divórcio • Testemunhos para Ministros e Obreiros Evangélicos;
• Um Convite a Diferença;/diversos/testemunhos-ellen-g-white/;paginas/diversos/diversos/testemunhos-ellen-g-white.md;https://drive.google.com/open?id=0B2sWogup0xGMS2VHWmVSdU5ONTA;Google Drive;PENDENTE;Seletos – Vol. 1 • Testemunhos Seletos – Vol. 2 • Testemunhos Seletos – Vol. 3;
• Vida de Jesus;/diversos/testemunhos-ellen-g-white/;paginas/diversos/diversos/testemunhos-ellen-g-white.md;https://drive.google.com/open?id=0B2sWogup0xGMWDh2OVh4RDlrQlk;Google Drive;PENDENTE;Seletos – Vol. 2 • Testemunhos Seletos – Vol. 3 • Um Convite a Diferença;
• Vida e Ensinos;/diversos/testemunhos-ellen-g-white/;paginas/diversos/diversos/testemunhos-ellen-g-white.md;https://drive.google.com/open?id=0B2sWogup0xGMMUJlcVEtdUF3cGs;Google Drive;PENDENTE;Vol. 2 • Testemunhos Seletos – Vol. 3 • Um Convite a Diferença • Vida de Jesus;
• Vida no Campo;/diversos/testemunhos-ellen-g-white/;paginas/diversos/diversos/testemunhos-ellen-g-white.md;https://drive.google.com/open?id=0B2sWogup0xGMM3ZqQjNxamJSR00;Google Drive;PENDENTE;Seletos – Vol. 3 • Um Convite a Diferença • Vida de Jesus • Vida e Ensinos;
• Visões do Céu;/diversos/testemunhos-ellen-g-white/;paginas/diversos/diversos/testemunhos-ellen-g-white.md;https://drive.google.com/open?id=0B2sWogup0xGMNDM4ejZrN2lTalk;Google Drive;PENDENTE;3 • Um Convite a Diferença • Vida de Jesus • Vida e Ensinos • Vida no Campo;
Conteúdo incorporado (YouTube);/diversos/sermões/pr-adalicio/;paginas/diversos/diversos/sermoes/pr-adalicio.md;https://www.youtube.com/embed/DNhncX45JU8?rel=0&wmode=transparent;YouTube;PENDENTE;Pr. Adalicio Fontes;
lauro;/contatos/são-paulo/;paginas/contatos/sao-paulo.md;https://93cc827c59.cbaul-cdnwnd.com/416a9d9672d9dee926807c75b094dafb/200000510-0eede0fe7b/lauro.jpg;imagem;PENDENTE;Próximo a estação Patriarca - Metrô Pastor responsável Pr. Lauro Vasconcelos;
samuel;/contatos/rio-de-janeiro/;paginas/contatos/rio-de-janeiro.md;https://93cc827c59.cbaul-cdnwnd.com/416a9d9672d9dee926807c75b094dafb/200000508-0ccbf0ebfd/samuel.jpg;imagem;PENDENTE;- Rio de Janeiro - RJ Cep - 21770-230 Pastor Responsável Pr. Samuel Maravilha;
nai;/contatos/bahia/;paginas/contatos/bahia.md;https://93cc827c59.cbaul-cdnwnd.com/416a9d9672d9dee926807c75b094dafb/200000511-632e16521c/nai.jpg;imagem;PENDENTE;Urbis - Valença - BA Cep - 454000-000 Pastor Responsável Pr. Anaílton Santana;
Semana do Calvário 2017;/publicações/semana-do-calvario/;paginas/download/semana-do-calvario.md;https://drive.google.com/open?id=0B2sWogup0xGMdkUxMmoxdUcwS0E;Google Drive;PENDENTE;Semana do Calvário 2017;https://93cc827c59.cbaul-cdnwnd.com/416a9d9672d9dee926807c75b094dafb/system_preview_200000607-551a856144/0001.jpg
Semana do Calvário 2017 Semana do Calvário 2016 (capa 11);/publicações/semana-do-calvario/;paginas/download/semana-do-calvario.md;https://drive.google.com/file/d/0B2sWogup0xGMcXBUbnBEMTl2Qnc/view?usp=sharing;Google Drive;PENDENTE;Semana do Calvário 2017 Semana do Calvário 2016;https://93cc827c59.cbaul-cdnwnd.com/416a9d9672d9dee926807c75b094dafb/system_preview_200000569-067f00779e/capa%2011.PNG
Semana do Calvário 2016 Semana do Calvário 2015;/publicações/semana-do-calvario/;paginas/download/semana-do-calvario.md;http://www.4shared.com/web/preview/pdf/nQt43J7Rce?;outro;PENDENTE;do Calvário 2017 Semana do Calvário 2016 Semana do Calvário 2015 Baixar em;https://93cc827c59.cbaul-cdnwnd.com/416a9d9672d9dee926807c75b094dafb/200000064-7fc4580be1/BAIXAR.gif
Muitos se lisonjeiam hoje e professam um cristianismo superficial e pensam que não necessitam humilhar tanto o coração perante Deus, porque Deus é amor, dizem que sua vida é correta, o caráter moral justo e reto e não são como os demais pecadores comuns, isto é, se comparam com outros como o fariseu que entrou no templo e orou dizendo: “Ó Deus graças te dou, porque não sou como os demais homens...” Luc. 18.11. Essas pessoas precisam olhar o Calvário.;/publicações/semana-do-calvario/;paginas/download/semana-do-calvario.md;http://www.4shared.com/office/t6r4EfCsce/Semana_Calvrio_2014__PDF__1_.html?;outro;PENDENTE;como os demais homens...” Luc. 18.11. Essas pessoas precisam olhar o Calvário.;
0001;/publicações/semana-do-calvario/;paginas/download/semana-do-calvario.md;https://93cc827c59.cbaul-cdnwnd.com/416a9d9672d9dee926807c75b094dafb/system_preview_200000607-551a856144/0001.jpg;imagem;PENDENTE;Semana do Calvário 2017;
capa 11;/publicações/semana-do-calvario/;paginas/download/semana-do-calvario.md;https://93cc827c59.cbaul-cdnwnd.com/416a9d9672d9dee926807c75b094dafb/system_preview_200000569-067f00779e/capa%2011.PNG;imagem;PENDENTE;Semana do Calvário 2017 Semana do Calvário 2016;
capapaaaaa;/publicações/semana-do-calvario/;paginas/download/semana-do-calvario.md;https://93cc827c59.cbaul-cdnwnd.com/416a9d9672d9dee926807c75b094dafb/200000532-00bf102b39/capapaaaaa.PNG;imagem;PENDENTE;Semana do Calvário 2017 Semana do Calvário 2016 Semana do Calvário 2015;
BAIXAR;/publicações/semana-do-calvario/;paginas/download/semana-do-calvario.md;https://93cc827c59.cbaul-cdnwnd.com/416a9d9672d9dee926807c75b094dafb/200000064-7fc4580be1/BAIXAR.gif;imagem;PENDENTE;do Calvário 2017 Semana do Calvário 2016 Semana do Calvário 2015 Baixar em;
CAPA SM;/publicações/semana-do-calvario/;paginas/download/semana-do-calvario.md;https://93cc827c59.cbaul-cdnwnd.com/416a9d9672d9dee926807c75b094dafb/system_preview_200000513-d12d1d227f/CAPA%20SM.JPG;imagem;PENDENTE;do Calvário 2016 Semana do Calvário 2015 Baixar em Semana do Calvário 2014;
protocolo;/diversos/protocolo-/;paginas/diversos/diversos/protocolo.md;http://www.4shared.com/office/F4nB-5Iqce/protocolo.html;outro;PENDENTE;Baixar em;https://93cc827c59.cbaul-cdnwnd.com/416a9d9672d9dee926807c75b094dafb/200000064-7fc4580be1/BAIXAR.gif
14141414;/diversos/protocolo-/;paginas/diversos/diversos/protocolo.md;https://93cc827c59.cbaul-cdnwnd.com/416a9d9672d9dee926807c75b094dafb/200000527-58e165ad52/14141414.PNG;imagem;PENDENTE;;
BAIXAR;/diversos/protocolo-/;paginas/diversos/diversos/protocolo.md;https://93cc827c59.cbaul-cdnwnd.com/416a9d9672d9dee926807c75b094dafb/200000064-7fc4580be1/BAIXAR.gif;imagem;PENDENTE;Baixar em;
O Retorno Mais Esperado (breve jesus voltara_1);/publicações/folhetos/o-retorno-mais-esperado/;paginas/download/folhetos/o-retorno-mais-esperado.md;http://www.4shared.com/office/SZ4_h7ib/Breve_jesus_voltar_curvas.html?;outro;PENDENTE;O Retorno Mais Esperado;https://93cc827c59.cbaul-cdnwnd.com/416a9d9672d9dee926807c75b094dafb/200000557-51aa7535ad/breve%20jesus%20voltara_1.PNG
breve jesus voltara_1;/publicações/folhetos/o-retorno-mais-esperado/;paginas/download/folhetos/o-retorno-mais-esperado.md;https://93cc827c59.cbaul-cdnwnd.com/416a9d9672d9dee926807c75b094dafb/200000557-51aa7535ad/breve%20jesus%20voltara_1.PNG;imagem;PENDENTE;O Retorno Mais Esperado;
Importa a Diferença (importa a diferença);/publicações/folhetos/importa-a-diferenca/;paginas/download/folhetos/importa-a-diferenca.md;http://www.4shared.com/office/k_5S9lKo/Folheto_importa_a_diferena_-_c.html?;outro;PENDENTE;Importa a Diferença;https://93cc827c59.cbaul-cdnwnd.com/416a9d9672d9dee926807c75b094dafb/200000558-4ec4b50b82/importa%20a%20diferen%C3%A7a.JPG
importa a diferença;/publicações/folhetos/importa-a-diferenca/;paginas/download/folhetos/importa-a-diferenca.md;https://93cc827c59.cbaul-cdnwnd.com/416a9d9672d9dee926807c75b094dafb/200000558-4ec4b50b82/importa%20a%20diferen%C3%A7a.JPG;imagem;PENDENTE;Importa a Diferença;
24 Razões para Guardar o Sábado (24 razões);/publicações/folhetos/a24-razoes-para-guardar-o-sabado/;paginas/download/folhetos/24-razoes-para-guardar-o-sabado.md;http://www.4shared.com/office/nSYSmkuY/24razes--curvas.html?;outro;PENDENTE;24 Razões para Guardar o Sábado;https://93cc827c59.cbaul-cdnwnd.com/416a9d9672d9dee926807c75b094dafb/200000595-9d4609f39f/24%20raz%C3%B5es.jpeg
24 razões;/publicações/folhetos/a24-razoes-para-guardar-o-sabado/;paginas/download/folhetos/24-razoes-para-guardar-o-sabado.md;https://93cc827c59.cbaul-cdnwnd.com/416a9d9672d9dee926807c75b094dafb/200000595-9d4609f39f/24%20raz%C3%B5es.jpeg;imagem;PENDENTE;24 Razões para Guardar o Sábado;
Vida Depois da Morte? (vida depois da morte);/publicações/folhetos/vida-depois-da-morte/;paginas/download/folhetos/vida-depois-da-morte.md;http://www.4shared.com/office/p41Q2QZ8/folheto_mortos_-_curvas.html?;outro;PENDENTE;Vida Depois da Morte?;https://93cc827c59.cbaul-cdnwnd.com/416a9d9672d9dee926807c75b094dafb/200000594-733eb75329/vida%20depois%20da%20morte.jpeg
vida depois da morte;/publicações/folhetos/vida-depois-da-morte/;paginas/download/folhetos/vida-depois-da-morte.md;https://93cc827c59.cbaul-cdnwnd.com/416a9d9672d9dee926807c75b094dafb/200000594-733eb75329/vida%20depois%20da%20morte.jpeg;imagem;PENDENTE;Vida Depois da Morte?;
Estenda Sua Mão (ESTENDA SUA MAO);/publicações/folhetos/estenda-sua-mao/;paginas/download/folhetos/estenda-sua-mao.md;http://www.4shared.com/file/KHSpYjchba/Estenda_Sua_Mo.html?;outro;PENDENTE;Estenda Sua Mão;https://93cc827c59.cbaul-cdnwnd.com/416a9d9672d9dee926807c75b094dafb/200000559-44946458e4/ESTENDA%20SUA%20MAO.JPG
ESTENDA SUA MAO;/publicações/folhetos/estenda-sua-mao/;paginas/download/folhetos/estenda-sua-mao.md;https://93cc827c59.cbaul-cdnwnd.com/416a9d9672d9dee926807c75b094dafb/200000559-44946458e4/ESTENDA%20SUA%20MAO.JPG;imagem;PENDENTE;Estenda Sua Mão;
Semana Juvenil Leitura Semana Juvenil 2017 (Frente);/publicações/semana-juvenil/;paginas/download/semana-juvenil.md;https://drive.google.com/open?id=0B2sWogup0xGMUU55ZWtpVkVOZUE;Google Drive;PENDENTE;Semana Juvenil Leitura Semana Juvenil 2017;https://93cc827c59.cbaul-cdnwnd.com/416a9d9672d9dee926807c75b094dafb/system_preview_200000613-eda2dee9c1/Frente.jpg
Leitura Semana Juvenil 2017 Leitura Semana Juvenil 2016 (Juventude);/publicações/semana-juvenil/;paginas/download/semana-juvenil.md;https://drive.google.com/open?id=0B2sWogup0xGMZklKcXVuMEI4RG8;Google Drive;PENDENTE;Semana Juvenil Leitura Semana Juvenil 2017 Leitura Semana Juvenil 2016;https://93cc827c59.cbaul-cdnwnd.com/416a9d9672d9dee926807c75b094dafb/system_preview_200000597-0eedc10e1a/Juventude.jpg
Frente;/publicações/semana-juvenil/;paginas/download/semana-juvenil.md;https://93cc827c59.cbaul-cdnwnd.com/416a9d9672d9dee926807c75b094dafb/system_preview_200000613-eda2dee9c1/Frente.jpg;imagem;PENDENTE;Semana Juvenil Leitura Semana Juvenil 2017;
Juventude;/publicações/semana-juvenil/;paginas/download/semana-juvenil.md;https://93cc827c59.cbaul-cdnwnd.com/416a9d9672d9dee926807c75b094dafb/system_preview_200000597-0eedc10e1a/Juventude.jpg;imagem;PENDENTE;Semana Juvenil Leitura Semana Juvenil 2017 Leitura Semana Juvenil 2016;
Baixe nosso Aplicativo para seu celular Android (logo);/radio-smidiaweb-24hs/;paginas/radio-smidiaweb-24hs.md;https://drive.google.com/open?id=1uhcnQHPRlA6wuQQGLVfq7X4kRAQszAkK;Google Drive;PENDENTE;muito por fazer Clique Aqui Baixe nosso Aplicativo para seu celular Android;https://93cc827c59.cbaul-cdnwnd.com/416a9d9672d9dee926807c75b094dafb/system_preview_detail_200001003-91c4c91c4e/logo.png
logo;/radio-smidiaweb-24hs/;paginas/radio-smidiaweb-24hs.md;https://93cc827c59.cbaul-cdnwnd.com/416a9d9672d9dee926807c75b094dafb/system_preview_detail_200001003-91c4c91c4e/logo.png;imagem;PENDENTE;muito por fazer Clique Aqui Baixe nosso Aplicativo para seu celular Android;
Conteúdo incorporado (outro);/radio-smidiaweb-24hs/;paginas/radio-smidiaweb-24hs.md;https://player.radioforge.com/v2/shoutcast.html?radiolink=http://162.210.196.142:3895/&radiotype=shoutcast1&bcolor=&image=https://1.bp.blogspot.com/-qkCwshSorXg/WIUFv6U6RuI/AAAAAAAAAOA/eUYfq-cZo6kxQOQIb_6owgoHiQN6jNQlwCK4B/s150/logositeassistecnivelado.png&facebook=#&twitter=#&title=Radio%20Assistec&artist=;outro;PENDENTE;;
congreeee;/news/doutrinas/;paginas/fora-do-menu/news/congresso-de-reorganizacao-2013.md;https://93cc827c59.cbaul-cdnwnd.com/416a9d9672d9dee926807c75b094dafb/200000116-57e9458e26/congreeee.PNG;imagem;PENDENTE;Congresso de Reorganização 2013 14/01/2013 17:10;
"CURSO INTERATIVO ""A BIBLIA RESPONDE"" PDF";/news/curso-interativo-a-biblia-responde/;paginas/fora-do-menu/news/curso-interativo-a-biblia-responde-pdf.md;https://93cc827c59.cbaul-cdnwnd.com/416a9d9672d9dee926807c75b094dafb/200001172-7b72e7b72f/A%20BIBLIA%20RESPONDE%20INTERATIVO%20-%20COMPLETO-1.pdf;PDF;PENDENTE;"CURSO INTERATIVO ""A BIBLIA RESPONDE"" PDF 11/10/2023 07:27";
OFE;/news/curso-interativo-a-biblia-responde/;paginas/fora-do-menu/news/curso-interativo-a-biblia-responde-pdf.md;https://93cc827c59.cbaul-cdnwnd.com/416a9d9672d9dee926807c75b094dafb/200001178-a1556a1557/OFE.png;imagem;PENDENTE;PDF 11/10/2023 07:27 A BIBLIA RESPONDE INTERATIVO - COMPLETO-1.pdf (26293660);
adalicio;/products/a12/;paginas/fora-do-menu/products/12.md;https://www.smir14.com.br/images/200000540-92229931c6/adalicio.JPG?s3=1;imagem;PENDENTE;12;https://93cc827c59.cbaul-cdnwnd.com/416a9d9672d9dee926807c75b094dafb/system_preview_detail_200000540-92229931c6/adalicio.JPG
12;/products/a12/;paginas/fora-do-menu/products/12.md;https://93cc827c59.cbaul-cdnwnd.com/416a9d9672d9dee926807c75b094dafb/system_preview_detail_200000540-92229931c6/adalicio.JPG;imagem;PENDENTE;12;
Encontro de Casais Bahia 2020 Semana da Familia (maior);/departamento/familia/photogallerycbm_449653/10/;paginas/departamentos/familia/familia-fotos-pagina-2.md;https://drive.google.com/open?id=1h1y8Le_Vj8NGP3nkpkmrdprjd-QRuqZQ;Google Drive;PENDENTE;de Casais Bahia 2020 << < 1 | 2 | 3 > >> Semana da Familia 2015 2013 2014;https://93cc827c59.cbaul-cdnwnd.com/416a9d9672d9dee926807c75b094dafb/200000536-d6d89d7d3a/maior.PNG
Encontro de Casais Bahia 2020 Semana da Familia (semana familia);/departamento/familia/photogallerycbm_449653/10/;paginas/departamentos/familia/familia-fotos-pagina-2.md;https://drive.google.com/open?id=1bmeAmgXhjkfXZtv3KXuUYsSLuotKO7rE;Google Drive;PENDENTE;de Casais Bahia 2020 << < 1 | 2 | 3 > >> Semana da Familia 2015 2013 2014;https://93cc827c59.cbaul-cdnwnd.com/416a9d9672d9dee926807c75b094dafb/200000136-e391ce48bf/semana%20familia.PNG
/album/galeria-de-fotos-familia/a35f3a937-c2dd-4343-b0c5-02747663d3fc-jpg/;/departamento/familia/photogallerycbm_449653/10/;paginas/departamentos/familia/familia-fotos-pagina-2.md;https://93cc827c59.cbaul-cdnwnd.com/416a9d9672d9dee926807c75b094dafb/system_preview_small_200000674-afa9eafaa0-public/35f3a937-c2dd-4343-b0c5-02747663d3fc.jpg;imagem;PENDENTE;Encontro de Casais Bahia 2020;
/album/galeria-de-fotos-familia/a60de9bba-cb7f-411e-b869-2b6458f6ceac-1-jpg/;/departamento/familia/photogallerycbm_449653/10/;paginas/departamentos/familia/familia-fotos-pagina-2.md;https://93cc827c59.cbaul-cdnwnd.com/416a9d9672d9dee926807c75b094dafb/system_preview_small_200000675-e2ebce2ebd-public/60de9bba-cb7f-411e-b869-2b6458f6ceac%20%281%29.jpg;imagem;PENDENTE;Encontro de Casais Bahia 2020;
/album/galeria-de-fotos-familia/a60de9bba-cb7f-411e-b869-2b6458f6ceac-jpg/;/departamento/familia/photogallerycbm_449653/10/;paginas/departamentos/familia/familia-fotos-pagina-2.md;https://93cc827c59.cbaul-cdnwnd.com/416a9d9672d9dee926807c75b094dafb/system_preview_small_200000676-efb67efb68-public/60de9bba-cb7f-411e-b869-2b6458f6ceac.jpg;imagem;PENDENTE;Encontro de Casais Bahia 2020;
/album/galeria-de-fotos-familia/a61ca5eac-34b8-40b0-84d6-71ed7621380b-jpg/;/departamento/familia/photogallerycbm_449653/10/;paginas/departamentos/familia/familia-fotos-pagina-2.md;https://93cc827c59.cbaul-cdnwnd.com/416a9d9672d9dee926807c75b094dafb/system_preview_small_200000677-277392773b-public/61ca5eac-34b8-40b0-84d6-71ed7621380b.jpg;imagem;PENDENTE;Encontro de Casais Bahia 2020;
/album/galeria-de-fotos-familia/a97fc318d-0054-4158-8843-b748a2510ee4-jpg/;/departamento/familia/photogallerycbm_449653/10/;paginas/departamentos/familia/familia-fotos-pagina-2.md;https://93cc827c59.cbaul-cdnwnd.com/416a9d9672d9dee926807c75b094dafb/system_preview_small_200000678-a867fa8680-public/97fc318d-0054-4158-8843-b748a2510ee4.jpg;imagem;PENDENTE;Encontro de Casais Bahia 2020;
/album/galeria-de-fotos-familia/a274fb118-1ef3-4ab4-9cdc-67d81ae53157-jpg/;/departamento/familia/photogallerycbm_449653/10/;paginas/departamentos/familia/familia-fotos-pagina-2.md;https://93cc827c59.cbaul-cdnwnd.com/416a9d9672d9dee926807c75b094dafb/system_preview_small_200000679-aab15aab17-public/274fb118-1ef3-4ab4-9cdc-67d81ae53157.jpg;imagem;PENDENTE;Encontro de Casais Bahia 2020;
/album/galeria-de-fotos-familia/a691593ec-c8be-42b1-be7d-7750a011be6a-jpg/;/departamento/familia/photogallerycbm_449653/10/;paginas/departamentos/familia/familia-fotos-pagina-2.md;https://93cc827c59.cbaul-cdnwnd.com/416a9d9672d9dee926807c75b094dafb/system_preview_small_200000680-a70aaa70ac-public/691593ec-c8be-42b1-be7d-7750a011be6a.jpg;imagem;PENDENTE;Encontro de Casais Bahia 2020;
/album/galeria-de-fotos-familia/b7627bac-90d3-4e9a-ad05-5c59f6a4adb7-jpg/;/departamento/familia/photogallerycbm_449653/10/;paginas/departamentos/familia/familia-fotos-pagina-2.md;https://93cc827c59.cbaul-cdnwnd.com/416a9d9672d9dee926807c75b094dafb/system_preview_small_200000681-ad46bad46d-public/b7627bac-90d3-4e9a-ad05-5c59f6a4adb7.jpg;imagem;PENDENTE;Encontro de Casais Bahia 2020;
/album/galeria-de-fotos-familia/c429bd0c-33db-4a29-8171-ab71a7462d0c-jpg/;/departamento/familia/photogallerycbm_449653/10/;paginas/departamentos/familia/familia-fotos-pagina-2.md;https://93cc827c59.cbaul-cdnwnd.com/416a9d9672d9dee926807c75b094dafb/system_preview_small_200000682-a725fa7261-public/c429bd0c-33db-4a29-8171-ab71a7462d0c.jpg;imagem;PENDENTE;Encontro de Casais Bahia 2020;
/album/galeria-de-fotos-familia/cb4fc1fb-9dc9-49da-83d2-b70beabce27b-jpg/;/departamento/familia/photogallerycbm_449653/10/;paginas/departamentos/familia/familia-fotos-pagina-2.md;https://93cc827c59.cbaul-cdnwnd.com/416a9d9672d9dee926807c75b094dafb/system_preview_small_200000683-a68c2a68c4-public/cb4fc1fb-9dc9-49da-83d2-b70beabce27b.jpg;imagem;PENDENTE;Encontro de Casais Bahia 2020;
maior;/departamento/familia/photogallerycbm_449653/10/;paginas/departamentos/familia/familia-fotos-pagina-2.md;https://93cc827c59.cbaul-cdnwnd.com/416a9d9672d9dee926807c75b094dafb/200000536-d6d89d7d3a/maior.PNG;imagem;PENDENTE;de Casais Bahia 2020 << < 1 | 2 | 3 > >> Semana da Familia 2015 2013 2014;
SF-2013.-3cdr - Cópia;/departamento/familia/photogallerycbm_449653/10/;paginas/departamentos/familia/familia-fotos-pagina-2.md;https://93cc827c59.cbaul-cdnwnd.com/416a9d9672d9dee926807c75b094dafb/200000501-a1b68a2f9a/SF-2013.-3cdr%20-%20C%C3%B3pia.jpg;imagem;PENDENTE;de Casais Bahia 2020 << < 1 | 2 | 3 > >> Semana da Familia 2015 2013 2014;
semana familia;/departamento/familia/photogallerycbm_449653/10/;paginas/departamentos/familia/familia-fotos-pagina-2.md;https://93cc827c59.cbaul-cdnwnd.com/416a9d9672d9dee926807c75b094dafb/200000136-e391ce48bf/semana%20familia.PNG;imagem;PENDENTE;de Casais Bahia 2020 << < 1 | 2 | 3 > >> Semana da Familia 2015 2013 2014;
Encontro de Casais Bahia 2020 Semana da Familia (maior);/departamento/familia/photogallerycbm_449653/20/;paginas/departamentos/familia/familia-fotos-pagina-3.md;https://drive.google.com/open?id=1h1y8Le_Vj8NGP3nkpkmrdprjd-QRuqZQ;Google Drive;PENDENTE;Encontro de Casais Bahia 2020 << < 1 | 2 | 3 Semana da Familia 2015 2013 2014;https://93cc827c59.cbaul-cdnwnd.com/416a9d9672d9dee926807c75b094dafb/200000536-d6d89d7d3a/maior.PNG
Encontro de Casais Bahia 2020 Semana da Familia (semana familia);/departamento/familia/photogallerycbm_449653/20/;paginas/departamentos/familia/familia-fotos-pagina-3.md;https://drive.google.com/open?id=1bmeAmgXhjkfXZtv3KXuUYsSLuotKO7rE;Google Drive;PENDENTE;Encontro de Casais Bahia 2020 << < 1 | 2 | 3 Semana da Familia 2015 2013 2014;https://93cc827c59.cbaul-cdnwnd.com/416a9d9672d9dee926807c75b094dafb/200000136-e391ce48bf/semana%20familia.PNG
/album/galeria-de-fotos-familia/d85793e7-b49c-42c8-9c45-42285db676e5-jpg/;/departamento/familia/photogallerycbm_449653/20/;paginas/departamentos/familia/familia-fotos-pagina-3.md;https://93cc827c59.cbaul-cdnwnd.com/416a9d9672d9dee926807c75b094dafb/system_preview_small_200000684-d34ccd34ce-public/d85793e7-b49c-42c8-9c45-42285db676e5.jpg;imagem;PENDENTE;Encontro de Casais Bahia 2020;
/album/galeria-de-fotos-familia/dfd14f7b-48fc-4651-b166-c3ea34accdee-jpg/;/departamento/familia/photogallerycbm_449653/20/;paginas/departamentos/familia/familia-fotos-pagina-3.md;https://93cc827c59.cbaul-cdnwnd.com/416a9d9672d9dee926807c75b094dafb/system_preview_small_200000685-a9221a9223-public/dfd14f7b-48fc-4651-b166-c3ea34accdee.jpg;imagem;PENDENTE;Encontro de Casais Bahia 2020;
/album/galeria-de-fotos-familia/e9e3f152-a70f-4085-a15f-65a70e26babf-jpg/;/departamento/familia/photogallerycbm_449653/20/;paginas/departamentos/familia/familia-fotos-pagina-3.md;https://93cc827c59.cbaul-cdnwnd.com/416a9d9672d9dee926807c75b094dafb/system_preview_small_200000686-d00a3d00a5-public/e9e3f152-a70f-4085-a15f-65a70e26babf.jpg;imagem;PENDENTE;Encontro de Casais Bahia 2020;
/album/galeria-de-fotos-familia/e503daac-3cc7-4d1b-a69f-ba12afb70318-jpg/;/departamento/familia/photogallerycbm_449653/20/;paginas/departamentos/familia/familia-fotos-pagina-3.md;https://93cc827c59.cbaul-cdnwnd.com/416a9d9672d9dee926807c75b094dafb/system_preview_small_200000687-a5d1ba5d1c-public/e503daac-3cc7-4d1b-a69f-ba12afb70318.jpg;imagem;PENDENTE;Encontro de Casais Bahia 2020;
/album/galeria-de-fotos-familia/e2529ffe-b631-46f1-a9fc-35d35be0b59b-jpg/;/departamento/familia/photogallerycbm_449653/20/;paginas/departamentos/familia/familia-fotos-pagina-3.md;https://93cc827c59.cbaul-cdnwnd.com/416a9d9672d9dee926807c75b094dafb/system_preview_small_200000688-a7b50a7b51-public/e2529ffe-b631-46f1-a9fc-35d35be0b59b.jpg;imagem;PENDENTE;Encontro de Casais Bahia 2020;
/album/galeria-de-fotos-familia/ffe03326-83ad-4a02-adeb-6118d56cb0df-jpg/;/departamento/familia/photogallerycbm_449653/20/;paginas/departamentos/familia/familia-fotos-pagina-3.md;https://93cc827c59.cbaul-cdnwnd.com/416a9d9672d9dee926807c75b094dafb/system_preview_small_200000689-a68f8a68fa-public/ffe03326-83ad-4a02-adeb-6118d56cb0df.jpg;imagem;PENDENTE;Encontro de Casais Bahia 2020;
maior;/departamento/familia/photogallerycbm_449653/20/;paginas/departamentos/familia/familia-fotos-pagina-3.md;https://93cc827c59.cbaul-cdnwnd.com/416a9d9672d9dee926807c75b094dafb/200000536-d6d89d7d3a/maior.PNG;imagem;PENDENTE;Encontro de Casais Bahia 2020 << < 1 | 2 | 3 Semana da Familia 2015 2013 2014;
SF-2013.-3cdr - Cópia;/departamento/familia/photogallerycbm_449653/20/;paginas/departamentos/familia/familia-fotos-pagina-3.md;https://93cc827c59.cbaul-cdnwnd.com/416a9d9672d9dee926807c75b094dafb/200000501-a1b68a2f9a/SF-2013.-3cdr%20-%20C%C3%B3pia.jpg;imagem;PENDENTE;Encontro de Casais Bahia 2020 << < 1 | 2 | 3 Semana da Familia 2015 2013 2014;
semana familia;/departamento/familia/photogallerycbm_449653/20/;paginas/departamentos/familia/familia-fotos-pagina-3.md;https://93cc827c59.cbaul-cdnwnd.com/416a9d9672d9dee926807c75b094dafb/200000136-e391ce48bf/semana%20familia.PNG;imagem;PENDENTE;Encontro de Casais Bahia 2020 << < 1 | 2 | 3 Semana da Familia 2015 2013 2014;
Trabalhos realizados Bom Samaritano (rio de janeiro);/departamento/bom-samaritano/photogallerycbm_437071/20/;paginas/departamentos/bom-samaritano/bom-samaritano-fotos-pagina-3.md;https://www.youtube.com/watch?v=ZO8egnP1OQw&list=LLwY22LFm0pevfEMsEVxICMw&index=6&t=0s;YouTube;PENDENTE;Trabalhos realizados Bom Samaritano;https://93cc827c59.cbaul-cdnwnd.com/416a9d9672d9dee926807c75b094dafb/system_preview_detail_200001108-0638b0638d/rio%20de%20janeiro.PNG
Trabalhos realizados Bom Samaritano (sao paulo);/departamento/bom-samaritano/photogallerycbm_437071/20/;paginas/departamentos/bom-samaritano/bom-samaritano-fotos-pagina-3.md;https://www.youtube.com/watch?v=l0_tX9icK64&list=LLwY22LFm0pevfEMsEVxICMw&index=31;YouTube;PENDENTE;Trabalhos realizados Bom Samaritano;https://93cc827c59.cbaul-cdnwnd.com/416a9d9672d9dee926807c75b094dafb/system_preview_detail_200001109-33f4e33f51/sao%20paulo.PNG
rio de janeiro;/departamento/bom-samaritano/photogallerycbm_437071/20/;paginas/departamentos/bom-samaritano/bom-samaritano-fotos-pagina-3.md;https://93cc827c59.cbaul-cdnwnd.com/416a9d9672d9dee926807c75b094dafb/system_preview_detail_200001108-0638b0638d/rio%20de%20janeiro.PNG;imagem;PENDENTE;Trabalhos realizados Bom Samaritano;
sao paulo;/departamento/bom-samaritano/photogallerycbm_437071/20/;paginas/departamentos/bom-samaritano/bom-samaritano-fotos-pagina-3.md;https://93cc827c59.cbaul-cdnwnd.com/416a9d9672d9dee926807c75b094dafb/system_preview_detail_200001109-33f4e33f51/sao%20paulo.PNG;imagem;PENDENTE;Trabalhos realizados Bom Samaritano;
/album/galeria-de-fotos-bom-samaritano/whatsapp-image-2020-03-04-at-14-28-27-jpeg/;/departamento/bom-samaritano/photogallerycbm_437071/20/;paginas/departamentos/bom-samaritano/bom-samaritano-fotos-pagina-3.md;https://93cc827c59.cbaul-cdnwnd.com/416a9d9672d9dee926807c75b094dafb/system_preview_small_200001024-c5916c5917-public/WhatsApp%20Image%202020-03-04%20at%2014.28.27.jpeg;imagem;PENDENTE;Igreja Rio de Janeiro São paulo Trabalho Bom Samaritano na Paraiba e em Manaus;
/album/galeria-de-fotos-bom-samaritano/whatsapp-image-2020-03-04-at-14-28-28-1-jpeg/;/departamento/bom-samaritano/photogallerycbm_437071/20/;paginas/departamentos/bom-samaritano/bom-samaritano-fotos-pagina-3.md;https://93cc827c59.cbaul-cdnwnd.com/416a9d9672d9dee926807c75b094dafb/system_preview_small_200001025-dad90dad91-public/WhatsApp%20Image%202020-03-04%20at%2014.28.28%20%281%29.jpeg;imagem;PENDENTE;Igreja Rio de Janeiro São paulo Trabalho Bom Samaritano na Paraiba e em Manaus;
/album/galeria-de-fotos-bom-samaritano/whatsapp-image-2020-03-04-at-14-28-28-2-jpeg/;/departamento/bom-samaritano/photogallerycbm_437071/20/;paginas/departamentos/bom-samaritano/bom-samaritano-fotos-pagina-3.md;https://93cc827c59.cbaul-cdnwnd.com/416a9d9672d9dee926807c75b094dafb/system_preview_small_200001026-c9412c9413-public/WhatsApp%20Image%202020-03-04%20at%2014.28.28%20%282%29.jpeg;imagem;PENDENTE;Igreja Rio de Janeiro São paulo Trabalho Bom Samaritano na Paraiba e em Manaus;
/album/galeria-de-fotos-bom-samaritano/whatsapp-image-2020-03-04-at-14-28-28-jpeg/;/departamento/bom-samaritano/photogallerycbm_437071/20/;paginas/departamentos/bom-samaritano/bom-samaritano-fotos-pagina-3.md;https://93cc827c59.cbaul-cdnwnd.com/416a9d9672d9dee926807c75b094dafb/system_preview_small_200001027-dee68dee6a-public/WhatsApp%20Image%202020-03-04%20at%2014.28.28.jpeg;imagem;PENDENTE;Igreja Rio de Janeiro São paulo Trabalho Bom Samaritano na Paraiba e em Manaus;
/album/galeria-de-fotos-bom-samaritano/whatsapp-image-2020-03-04-at-14-28-29-1-jpeg/;/departamento/bom-samaritano/photogallerycbm_437071/20/;paginas/departamentos/bom-samaritano/bom-samaritano-fotos-pagina-3.md;https://93cc827c59.cbaul-cdnwnd.com/416a9d9672d9dee926807c75b094dafb/system_preview_small_200001028-cf099cf09b-public/WhatsApp%20Image%202020-03-04%20at%2014.28.29%20%281%29.jpeg;imagem;PENDENTE;Igreja Rio de Janeiro São paulo Trabalho Bom Samaritano na Paraiba e em Manaus;
/album/galeria-de-fotos-bom-samaritano/whatsapp-image-2020-03-04-at-14-28-29-jpeg/;/departamento/bom-samaritano/photogallerycbm_437071/20/;paginas/departamentos/bom-samaritano/bom-samaritano-fotos-pagina-3.md;https://93cc827c59.cbaul-cdnwnd.com/416a9d9672d9dee926807c75b094dafb/system_preview_small_200001029-c3ad2c3ad3-public/WhatsApp%20Image%202020-03-04%20at%2014.28.29.jpeg;imagem;PENDENTE;Igreja Rio de Janeiro São paulo Trabalho Bom Samaritano na Paraiba e em Manaus;
nossa-historia;(barra-lateral — aparece em 76 páginas);paginas/_compartilhado/barra-lateral.md;https://93cc827c59.cbaul-cdnwnd.com/416a9d9672d9dee926807c75b094dafb/system_preview_detail_200000660-7ee687ee6a/nossa-historia.jpg;imagem;PENDENTE;;
2fe96349e00700ad3f747073f24cabf8_icon;(barra-lateral — aparece em 76 páginas);paginas/_compartilhado/barra-lateral.md;https://93cc827c59.cbaul-cdnwnd.com/416a9d9672d9dee926807c75b094dafb/200000846-583ff58401/2fe96349e00700ad3f747073f24cabf8_icon.png;imagem;PENDENTE;Testemunhos Ellen G. White;
nossa-historia;(barra-lateral-2 — aparece em 1 páginas);paginas/_compartilhado/barra-lateral-2.md;https://93cc827c59.cbaul-cdnwnd.com/416a9d9672d9dee926807c75b094dafb/system_preview_detail_200000660-7ee687ee6a/nossa-historia.jpg;imagem;PENDENTE;;
2fe96349e00700ad3f747073f24cabf8_icon;(barra-lateral-2 — aparece em 1 páginas);paginas/_compartilhado/barra-lateral-2.md;https://93cc827c59.cbaul-cdnwnd.com/416a9d9672d9dee926807c75b094dafb/200000846-583ff58401/2fe96349e00700ad3f747073f24cabf8_icon.png;imagem;PENDENTE;Testemunhos Ellen G. White;
Conteúdo incorporado (YouTube);(barra-lateral-2 — aparece em 1 páginas);paginas/_compartilhado/barra-lateral-2.md;https://www.youtube.com/embed/HYAx28r5JxM?rel=0&wmode=transparent;YouTube;PENDENTE;Testemunhos Ellen G. White Radio SmidiaWeb;
sisi;(coluna-esquerda — aparece em 1 páginas);paginas/_compartilhado/coluna-esquerda.md;https://93cc827c59.cbaul-cdnwnd.com/416a9d9672d9dee926807c75b094dafb/200001167-7c6de7c6e0/sisi.png;imagem;PENDENTE;;
